,CompetitionId,DurationInt,M14_3,M14_7,M14_15,M14_30,M15,M43,M16_3,M16_7,M16_15,M16_30,M44,M45,M46
0,2435.0,97.0,2.0,6.0,16.0,26.0,116.0,42.0,0.017241379310344827,0.05172413793103448,0.13793103448275862,0.22413793103448276,0.6379310344827587,0.01675257731958763,0.01004265908282972
1,2438.0,9.0,11.0,49.0,69.0,69.0,69.0,22.0,0.15942028985507245,0.7101449275362319,1.0,1.0,0.6811594202898551,0.021900161030595812,0.0
2,2439.0,110.0,1.0,6.0,17.0,32.0,153.0,55.0,0.006535947712418301,0.0392156862745098,0.1111111111111111,0.20915032679738563,0.6405228758169934,0.016565656565656565,0.014022578728461082
3,2442.0,9.0,7.0,45.0,64.0,64.0,64.0,22.0,0.109375,0.703125,1.0,1.0,0.65625,0.021875,0.0
4,2445.0,70.0,9.0,14.0,28.0,73.0,217.0,66.0,0.041474654377880185,0.06451612903225806,0.12903225806451613,0.33640552995391704,0.695852534562212,0.08973008558262015,0.004476629361421988
5,2447.0,107.0,23.0,38.0,61.0,105.0,262.0,66.0,0.08778625954198473,0.1450381679389313,0.23282442748091603,0.40076335877862596,0.7480916030534351,0.05721623742598274,0.025183705500463723
6,2448.0,42.0,3.0,4.0,7.0,12.0,60.0,22.0,0.05,0.06666666666666667,0.11666666666666667,0.2,0.6333333333333333,0.09345238095238095,0.012698412698412698
7,2452.0,63.0,3.0,3.0,5.0,15.0,46.0,16.0,0.06521739130434782,0.06521739130434782,0.10869565217391304,0.32608695652173914,0.6521739130434783,0.07809983896940419,0.018978605935127672
8,2454.0,121.0,6.0,7.0,10.0,13.0,58.0,23.0,0.10344827586206896,0.1206896551724138,0.1724137931034483,0.22413793103448276,0.603448275862069,0.03925619834710744,0.003134796238244514
9,2464.0,65.0,7.0,11.0,21.0,34.0,141.0,41.0,0.04964539007092199,0.07801418439716312,0.14893617021276595,0.24113475177304963,0.7092198581560284,0.06012002182214948,0.010692853246044735
10,2467.0,83.0,24.0,34.0,67.0,112.0,378.0,96.0,0.06349206349206349,0.08994708994708994,0.17724867724867724,0.2962962962962963,0.746031746031746,0.04914897685982023,0.0070759227385733415
11,2478.0,50.0,15.0,24.0,51.0,96.0,189.0,68.0,0.07936507936507936,0.12698412698412698,0.2698412698412698,0.5079365079365079,0.6402116402116402,0.07291005291005291,0.013650793650793651
12,2479.0,87.0,11.0,15.0,26.0,47.0,191.0,53.0,0.05759162303664921,0.07853403141361257,0.13612565445026178,0.24607329842931938,0.7225130890052356,0.04663898417283505,0.015405909610639708
13,2487.0,86.0,0.0,4.0,12.0,19.0,75.0,28.0,0.0,0.05333333333333334,0.16,0.25333333333333335,0.6266666666666667,0.05635658914728682,0.04945736434108527
14,2488.0,41.0,4.0,5.0,8.0,18.0,34.0,10.0,0.11764705882352941,0.14705882352941177,0.23529411764705882,0.5294117647058824,0.7058823529411764,0.09971305595408894,0.04519368723098996
15,2489.0,76.0,8.0,17.0,29.0,60.0,266.0,79.0,0.03007518796992481,0.06390977443609022,0.10902255639097744,0.22556390977443608,0.7030075187969924,0.035684606252473286,0.015136525524337158
16,2496.0,730.0,0.0,0.0,0.0,2.0,1660.0,236.0,0.0,0.0,0.0,0.0012048192771084338,0.8578313253012049,0.02089041095890411,0.002373328932167024
17,2499.0,84.0,4.0,7.0,21.0,36.0,111.0,19.0,0.036036036036036036,0.06306306306306306,0.1891891891891892,0.32432432432432434,0.8288288288288288,0.05459030459030459,0.017481767481767482
18,2509.0,92.0,2.0,3.0,15.0,31.0,105.0,38.0,0.01904761904761905,0.02857142857142857,0.14285714285714285,0.29523809523809524,0.638095238095238,0.06537267080745342,0.012525879917184264
19,2510.0,24.0,2.0,17.0,27.0,80.0,80.0,3.0,0.025,0.2125,0.3375,1.0,0.9625,0.06937499999999999,0.007291666666666666
20,2518.0,63.0,16.0,32.0,62.0,99.0,288.0,57.0,0.05555555555555555,0.1111111111111111,0.2152777777777778,0.34375,0.8020833333333334,0.05012676366843034,0.012511022927689594
21,2528.0,22.0,6.0,7.0,10.0,18.0,18.0,4.0,0.3333333333333333,0.3888888888888889,0.5555555555555556,1.0,0.7777777777777778,0.08737373737373737,0.017676767676767676
22,2545.0,19.0,0.0,2.0,20.0,52.0,52.0,0.0,0.0,0.038461538461538464,0.38461538461538464,1.0,1.0,0.025253036437246967,0.0
23,2546.0,24.0,0.0,0.0,0.0,1.0,1.0,0.0,0.0,0.0,0.0,1.0,1.0,0.008333333333333333,0.0
24,2547.0,73.0,1.0,1.0,1.0,2.0,15.0,0.0,0.06666666666666667,0.06666666666666667,0.06666666666666667,0.13333333333333333,1.0,0.02182648401826484,0.0091324200913242
25,2549.0,24.0,0.0,3.0,5.0,27.0,27.0,12.0,0.0,0.1111111111111111,0.18518518518518517,1.0,0.5555555555555556,0.17824074074074073,0.16666666666666666
26,2551.0,87.0,40.0,68.0,125.0,207.0,997.0,155.0,0.04012036108324975,0.06820461384152457,0.12537612838515547,0.20762286860581744,0.8445336008024072,0.043619363838642365,0.003723815123531514
27,2552.0,313.0,0.0,0.0,0.0,0.0,22.0,4.0,0.0,0.0,0.0,0.0,0.8181818181818181,0.012634330525704328,0.0
28,2555.0,15.0,1.0,7.0,322.0,322.0,322.0,3.0,0.003105590062111801,0.021739130434782608,1.0,1.0,0.9906832298136646,0.1994824016563147,0.004968944099378882
29,2558.0,18.0,2.0,3.0,16.0,28.0,28.0,3.0,0.07142857142857142,0.10714285714285714,0.5714285714285714,1.0,0.8928571428571429,0.05992063492063493,0.0
30,2559.0,9.0,8.0,22.0,44.0,44.0,44.0,5.0,0.18181818181818182,0.5,1.0,1.0,0.8863636363636364,0.21212121212121213,0.0
31,2564.0,97.0,13.0,23.0,44.0,101.0,604.0,123.0,0.02152317880794702,0.0380794701986755,0.0728476821192053,0.1672185430463576,0.7963576158940397,0.04012198174825334,0.004830340684099133
32,2567.0,31.0,4.0,5.0,43.0,83.0,83.0,3.0,0.04819277108433735,0.060240963855421686,0.5180722891566265,1.0,0.963855421686747,0.028915662650602407,0.005441119315973571
33,2579.0,38.0,0.0,0.0,0.0,2.0,30.0,0.0,0.0,0.0,0.0,0.06666666666666667,1.0,0.02894736842105263,0.0
34,2583.0,21.0,0.0,0.0,5.0,19.0,19.0,0.0,0.0,0.0,0.2631578947368421,1.0,1.0,0.011578947368421052,0.0
35,2584.0,54.0,1.0,2.0,2.0,6.0,39.0,0.0,0.02564102564102564,0.05128205128205128,0.05128205128205128,0.15384615384615385,1.0,0.1412155745489079,0.004273504273504274
36,2585.0,25.0,0.0,0.0,0.0,6.0,6.0,0.0,0.0,0.0,0.0,1.0,1.0,0.005333333333333333,0.0
37,2586.0,149.0,0.0,0.0,0.0,0.0,,0.0,,,,,,,
38,2587.0,6.0,2.0,25.0,25.0,25.0,25.0,0.0,0.08,1.0,1.0,1.0,1.0,0.18444444444444444,0.02
39,2588.0,67.0,0.0,0.0,1.0,10.0,11.0,1.0,0.0,0.0,0.09090909090909091,0.9090909090909091,0.9090909090909091,0.008955223880597014,0.00542740841248304
40,2589.0,58.0,1.0,4.0,61.0,88.0,163.0,42.0,0.006134969325153374,0.024539877300613498,0.37423312883435583,0.5398773006134969,0.7423312883435582,0.07293209223609054,0.03628093928495874
41,2598.0,58.0,0.0,0.0,0.0,0.0,26.0,0.0,0.0,0.0,0.0,0.0,1.0,0.058687002652519894,0.0
42,2602.0,125.0,9.0,9.0,12.0,20.0,75.0,13.0,0.12,0.12,0.16,0.26666666666666666,0.8266666666666667,0.011285333333333333,0.025920000000000002
43,2606.0,103.0,5.0,8.0,22.0,47.0,280.0,74.0,0.017857142857142856,0.02857142857142857,0.07857142857142857,0.16785714285714284,0.7357142857142858,0.02990638002773925,0.010402219140083217
44,2609.0,22.0,11.0,47.0,104.0,207.0,207.0,68.0,0.05314009661835749,0.22705314009661837,0.5024154589371981,1.0,0.6714975845410628,0.14679402722880985,0.037549407114624504
45,2610.0,45.0,0.0,0.0,0.0,9.0,18.0,0.0,0.0,0.0,0.0,0.5,1.0,0.13271604938271606,0.0
46,2623.0,27.0,2.0,6.0,61.0,64.0,64.0,3.0,0.03125,0.09375,0.953125,1.0,0.953125,0.003292824074074074,0.016203703703703703
47,2628.0,20.0,0.0,0.0,9.0,35.0,35.0,0.0,0.0,0.0,0.2571428571428571,1.0,1.0,0.010814285714285714,0.004285714285714286
48,2635.0,27.0,0.0,2.0,3.0,23.0,23.0,1.0,0.0,0.08695652173913043,0.13043478260869565,1.0,0.9565217391304348,0.09436392914653785,0.0
49,2647.0,18.0,0.0,0.0,19.0,29.0,29.0,0.0,0.0,0.0,0.6551724137931034,1.0,1.0,0.012739463601532566,0.0
50,2655.0,30.0,1.0,1.0,1.0,12.0,12.0,1.0,0.08333333333333333,0.08333333333333333,0.08333333333333333,1.0,0.9166666666666666,0.04111111111111111,0.0
51,2657.0,53.0,0.0,0.0,0.0,1.0,2.0,0.0,0.0,0.0,0.0,0.5,1.0,0.016981132075471698,0.018867924528301886
52,2658.0,81.0,0.0,0.0,2.0,4.0,14.0,5.0,0.0,0.0,0.14285714285714285,0.2857142857142857,0.6428571428571428,0.11992945326278659,0.0008818342151675485
53,2667.0,81.0,4.0,14.0,23.0,61.0,197.0,52.0,0.02030456852791878,0.07106598984771574,0.116751269035533,0.3096446700507614,0.7360406091370558,0.07692548724697626,0.022059284326627814
54,2668.0,20.0,0.0,0.0,3.0,14.0,14.0,0.0,0.0,0.0,0.21428571428571427,1.0,1.0,0.1625,0.0
55,2669.0,20.0,0.0,0.0,4.0,14.0,14.0,0.0,0.0,0.0,0.2857142857142857,1.0,1.0,0.22678571428571428,0.0
56,2678.0,55.0,1.0,1.0,1.0,1.0,10.0,2.0,0.1,0.1,0.1,0.1,0.8,0.19181818181818183,0.0
57,2689.0,33.0,0.0,0.0,0.0,1.0,10.0,1.0,0.0,0.0,0.0,0.1,0.9,0.0007878787878787879,0.03636363636363636
58,2695.0,27.0,1.0,1.0,4.0,73.0,73.0,1.0,0.0136986301369863,0.0136986301369863,0.0547945205479452,1.0,0.9863013698630136,0.1019786910197869,0.0
59,2709.0,60.0,0.0,0.0,0.0,0.0,10.0,9.0,0.0,0.0,0.0,0.0,0.09999999999999998,0.2375,0.09666666666666666
60,2711.0,141.0,0.0,0.0,0.0,0.0,19.0,2.0,0.0,0.0,0.0,0.0,0.8947368421052632,0.014856289660321015,0.0003732736095558044
61,2719.0,19.0,0.0,1.0,79.0,79.0,79.0,1.0,0.0,0.012658227848101266,1.0,1.0,0.9873417721518988,0.0816122584943371,0.0
62,2732.0,95.0,0.0,0.0,23.0,56.0,317.0,82.0,0.0,0.0,0.07255520504731862,0.17665615141955837,0.7413249211356467,0.0451602191598871,0.006973269134982567
63,2737.0,94.0,1.0,1.0,2.0,20.0,31.0,0.0,0.03225806451612903,0.03225806451612903,0.06451612903225806,0.6451612903225806,1.0,0.021379547014413178,0.0068634179821551134
64,2742.0,27.0,3.0,10.0,20.0,51.0,51.0,23.0,0.058823529411764705,0.19607843137254902,0.39215686274509803,1.0,0.5490196078431373,0.16448801742919392,0.03122730573710966
65,2743.0,24.0,1.0,2.0,36.0,42.0,42.0,2.0,0.023809523809523808,0.047619047619047616,0.8571428571428571,1.0,0.9523809523809523,0.10582010582010581,0.09623015873015872
66,2748.0,103.0,0.0,0.0,0.0,46.0,864.0,48.0,0.0,0.0,0.0,0.05324074074074074,0.9444444444444444,0.013655160014383317,0.007753505933117584
67,2749.0,103.0,0.0,0.0,0.0,0.0,275.0,29.0,0.0,0.0,0.0,0.0,0.8945454545454545,0.01765578111209179,0.0088261253309797
68,2752.0,102.0,0.0,0.0,0.0,11.0,16.0,0.0,0.0,0.0,0.0,0.6875,1.0,0.009313725490196078,0.0
69,2758.0,79.0,6.0,7.0,11.0,25.0,83.0,21.0,0.07228915662650602,0.08433734939759036,0.13253012048192772,0.30120481927710846,0.7469879518072289,0.05170047277718469,0.01738599969498246
70,2759.0,9.0,1.0,54.0,62.0,62.0,62.0,1.0,0.016129032258064516,0.8709677419354839,1.0,1.0,0.9838709677419355,0.06612903225806452,0.0
71,2762.0,54.0,3.0,8.0,14.0,29.0,45.0,25.0,0.06666666666666667,0.17777777777777778,0.3111111111111111,0.6444444444444445,0.4444444444444444,0.10493827160493828,0.016872427983539093
72,2764.0,45.0,0.0,0.0,9.0,9.0,9.0,0.0,0.0,0.0,1.0,1.0,1.0,0.009053497942386832,0.0
73,2766.0,21.0,0.0,0.0,2.0,113.0,113.0,0.0,0.0,0.0,0.017699115044247787,1.0,1.0,0.11957437842393594,0.0
74,2770.0,13.0,0.0,1.0,42.0,42.0,42.0,1.0,0.0,0.023809523809523808,1.0,1.0,0.9761904761904762,0.0030402930402930405,0.0
75,2778.0,35.0,0.0,1.0,20.0,78.0,78.0,1.0,0.0,0.01282051282051282,0.2564102564102564,1.0,0.9871794871794872,0.10527472527472528,0.0
76,2779.0,106.0,1.0,1.0,1.0,0.0,2.0,0.0,0.5,0.5,0.5,0.0,1.0,0.02358490566037736,0.0
77,2780.0,91.0,20.0,49.0,82.0,174.0,792.0,196.0,0.025252525252525252,0.06186868686868687,0.10353535353535354,0.2196969696969697,0.7525252525252525,0.06032162282162282,0.00487012987012987
78,2783.0,12.0,0.0,1.0,49.0,49.0,49.0,1.0,0.0,0.02040816326530612,1.0,1.0,0.9795918367346939,0.012976190476190476,0.0
79,2791.0,32.0,2.0,2.0,30.0,33.0,33.0,1.0,0.06060606060606061,0.06060606060606061,0.9090909090909091,1.0,0.9696969696969697,0.027462121212121212,0.0
80,2799.0,106.0,4.0,14.0,21.0,39.0,190.0,32.0,0.021052631578947368,0.07368421052631578,0.11052631578947368,0.20526315789473684,0.8315789473684211,0.024354518371400197,0.005412115193644489
81,2803.0,44.0,1.0,1.0,1.0,10.0,112.0,1.0,0.008928571428571428,0.008928571428571428,0.008928571428571428,0.08928571428571429,0.9910714285714286,0.03952922077922078,0.0
82,2820.0,24.0,0.0,0.0,3.0,39.0,39.0,0.0,0.0,0.0,0.07692307692307693,1.0,1.0,0.02483974358974359,0.0
83,2822.0,20.0,2.0,4.0,69.0,90.0,90.0,6.0,0.022222222222222223,0.044444444444444446,0.7666666666666667,1.0,0.9333333333333333,0.025861111111111112,0.0
84,2824.0,29.0,0.0,0.0,0.0,10.0,10.0,0.0,0.0,0.0,0.0,1.0,1.0,0.02275862068965517,0.006896551724137932
85,2825.0,29.0,0.0,0.0,0.0,5.0,5.0,0.0,0.0,0.0,0.0,1.0,1.0,0.04689655172413793,0.020689655172413793
86,2826.0,39.0,1.0,1.0,1.0,1.0,13.0,0.0,0.07692307692307693,0.07692307692307693,0.07692307692307693,0.07692307692307693,1.0,0.01643655489809336,0.0
87,2830.0,14.0,1.0,1.0,1.0,1.0,1.0,0.0,1.0,1.0,1.0,1.0,1.0,0.007142857142857143,0.0
88,2831.0,3.0,1.0,1.0,1.0,1.0,1.0,0.0,1.0,1.0,1.0,1.0,1.0,0.2,0.0
89,2832.0,19.0,0.0,0.0,9.0,17.0,17.0,0.0,0.0,0.0,0.5294117647058824,1.0,1.0,0.08916408668730649,0.0
90,2834.0,6.0,0.0,33.0,33.0,33.0,33.0,1.0,0.0,1.0,1.0,1.0,0.9696969696969697,0.1717171717171717,0.0
91,2840.0,60.0,17.0,33.0,61.0,129.0,412.0,131.0,0.0412621359223301,0.08009708737864078,0.14805825242718446,0.3131067961165049,0.6820388349514563,0.0748584142394822,0.008616504854368932
92,2850.0,22.0,0.0,3.0,12.0,74.0,74.0,3.0,0.0,0.04054054054054054,0.16216216216216217,1.0,0.9594594594594594,0.08456183456183457,0.018427518427518427
93,2860.0,46.0,6.0,17.0,34.0,56.0,117.0,47.0,0.05128205128205128,0.1452991452991453,0.2905982905982906,0.47863247863247865,0.5982905982905983,0.0964325529542921,0.008918617614269788
94,2863.0,62.0,0.0,1.0,4.0,7.0,29.0,18.0,0.0,0.034482758620689655,0.13793103448275862,0.2413793103448276,0.3793103448275862,0.057563959955506123,0.0489432703003337
95,2888.0,127.0,2.0,2.0,5.0,6.0,46.0,17.0,0.043478260869565216,0.043478260869565216,0.10869565217391304,0.13043478260869565,0.6304347826086957,0.011434440260184867,0.010441629578911331
96,2892.0,27.0,1.0,4.0,9.0,68.0,68.0,6.0,0.014705882352941176,0.058823529411764705,0.1323529411764706,1.0,0.9117647058823529,0.019526143790849673,0.0
97,2895.0,52.0,3.0,9.0,16.0,27.0,96.0,45.0,0.03125,0.09375,0.16666666666666666,0.28125,0.53125,0.06310096153846154,0.00921474358974359
98,2914.0,60.0,1.0,2.0,2.0,3.0,13.0,11.0,0.07692307692307693,0.15384615384615385,0.15384615384615385,0.23076923076923078,0.15384615384615385,0.35256410256410253,0.06410256410256411
99,2915.0,11.0,4.0,9.0,40.0,40.0,40.0,0.0,0.1,0.225,1.0,1.0,1.0,0.09188311688311689,0.0
100,2917.0,84.0,0.0,0.0,1.0,4.0,32.0,10.0,0.0,0.0,0.03125,0.125,0.6875,0.05189732142857143,0.035342261904761904
101,2935.0,23.0,10.0,13.0,21.0,26.0,26.0,13.0,0.38461538461538464,0.5,0.8076923076923077,1.0,0.5,0.025083612040133776,0.026755852842809368
102,2947.0,35.0,51.0,108.0,174.0,323.0,418.0,93.0,0.12200956937799043,0.2583732057416268,0.41626794258373206,0.7727272727272727,0.777511961722488,0.11896787423103213,0.012850307587149693
103,2954.0,95.0,0.0,0.0,0.0,0.0,7.0,3.0,0.0,0.0,0.0,0.0,0.5714285714285714,0.005263157894736842,0.031578947368421054
104,2958.0,75.0,5.0,6.0,14.0,31.0,108.0,44.0,0.046296296296296294,0.05555555555555555,0.12962962962962962,0.28703703703703703,0.5925925925925926,0.04080246913580247,0.01
105,2959.0,72.0,1.0,1.0,9.0,46.0,189.0,70.0,0.005291005291005291,0.005291005291005291,0.047619047619047616,0.24338624338624337,0.6296296296296297,0.0675705467372134,0.02417695473251029
106,2969.0,121.0,9.0,16.0,23.0,47.0,208.0,81.0,0.04326923076923077,0.07692307692307693,0.11057692307692307,0.22596153846153846,0.6105769230769231,0.02936268277177368,0.017283852511125238
107,2974.0,63.0,0.0,0.0,0.0,0.0,13.0,9.0,0.0,0.0,0.0,0.0,0.3076923076923077,0.11965811965811965,0.19536019536019536
108,2975.0,61.0,8.0,15.0,19.0,52.0,274.0,94.0,0.029197080291970802,0.05474452554744526,0.06934306569343066,0.1897810218978102,0.656934306569343,0.08836903194926408,0.016034462127557738
109,2984.0,63.0,0.0,10.0,19.0,46.0,168.0,63.0,0.0,0.05952380952380952,0.1130952380952381,0.27380952380952384,0.625,0.10208805744520029,0.008219954648526078
110,3007.0,60.0,0.0,0.0,1.0,2.0,11.0,1.0,0.0,0.0,0.09090909090909091,0.18181818181818182,0.9090909090909091,0.07803030303030303,0.0196969696969697
111,3015.0,5.0,2.0,9.0,9.0,9.0,9.0,1.0,0.2222222222222222,1.0,1.0,1.0,0.8888888888888888,0.04,0.0
112,3023.0,3.0,52.0,52.0,52.0,52.0,52.0,32.0,1.0,1.0,1.0,1.0,0.3846153846153846,0.0858974358974359,0.9871794871794872
113,3043.0,74.0,23.0,36.0,63.0,98.0,216.0,50.0,0.10648148148148148,0.16666666666666666,0.2916666666666667,0.4537037037037037,0.7685185185185185,0.04432557557557557,0.020082582582582584
114,3046.0,64.0,5.0,9.0,9.0,28.0,92.0,28.0,0.05434782608695652,0.09782608695652174,0.09782608695652174,0.30434782608695654,0.6956521739130435,0.057404891304347824,0.017832880434782608
115,3064.0,42.0,2.0,3.0,7.0,10.0,34.0,13.0,0.058823529411764705,0.08823529411764706,0.20588235294117646,0.29411764705882354,0.6176470588235294,0.05287114845938375,0.032913165266106444
116,3065.0,60.0,2.0,11.0,18.0,40.0,153.0,38.0,0.013071895424836602,0.0718954248366013,0.11764705882352941,0.26143790849673204,0.7516339869281046,0.05157952069716776,0.016775599128540306
117,3066.0,55.0,11.0,13.0,23.0,43.0,197.0,47.0,0.05583756345177665,0.06598984771573604,0.116751269035533,0.2182741116751269,0.7614213197969544,0.063682510383018,0.010982925703737887
118,3077.0,90.0,0.0,1.0,1.0,1.0,15.0,15.0,0.0,0.06666666666666667,0.06666666666666667,0.06666666666666667,0.0,0.10407407407407408,0.0637037037037037
119,3080.0,42.0,12.0,20.0,32.0,44.0,108.0,34.0,0.1111111111111111,0.18518518518518517,0.2962962962962963,0.4074074074074074,0.6851851851851851,0.0837742504409171,0.010361552028218694
120,3081.0,84.0,1.0,1.0,4.0,6.0,32.0,1.0,0.03125,0.03125,0.125,0.1875,0.96875,0.07849702380952381,0.0
121,3084.0,65.0,16.0,28.0,57.0,108.0,424.0,115.0,0.03773584905660377,0.0660377358490566,0.13443396226415094,0.25471698113207547,0.7287735849056604,0.06308055152394776,0.030007256894049348
122,3085.0,16.0,0.0,0.0,13.0,22.0,22.0,0.0,0.0,0.0,0.5909090909090909,1.0,1.0,0.0203125,0.0
123,3090.0,8.0,6.0,44.0,56.0,56.0,56.0,20.0,0.10714285714285714,0.7857142857142857,1.0,1.0,0.6428571428571428,0.07254464285714286,0.08482142857142858
124,3102.0,12.0,6.0,8.0,18.0,18.0,18.0,0.0,0.3333333333333333,0.4444444444444444,1.0,1.0,1.0,0.08333333333333333,0.0
125,3106.0,25.0,1.0,2.0,8.0,29.0,29.0,0.0,0.034482758620689655,0.06896551724137931,0.27586206896551724,1.0,1.0,0.0010942528735632185,0.0
126,3108.0,72.0,9.0,22.0,37.0,55.0,297.0,73.0,0.030303030303030304,0.07407407407407407,0.12457912457912458,0.18518518518518517,0.7542087542087542,0.06161148522259633,0.01585297418630752
127,3112.0,31.0,0.0,0.0,1.0,9.0,10.0,7.0,0.0,0.0,0.1,0.9,0.30000000000000004,0.017741935483870968,0.12258064516129032
128,3116.0,37.0,0.0,0.0,0.0,41.0,41.0,0.0,0.0,0.0,0.0,1.0,1.0,0.02155570204350692,0.0
129,3118.0,55.0,0.0,0.0,0.0,10.0,51.0,0.0,0.0,0.0,0.0,0.19607843137254902,1.0,0.11344028520499108,0.0
130,3125.0,60.0,0.0,0.0,0.0,4.0,47.0,2.0,0.0,0.0,0.0,0.0851063829787234,0.9574468085106383,0.0541371158392435,0.0056737588652482265
131,3126.0,59.0,6.0,23.0,76.0,95.0,95.0,5.0,0.06315789473684211,0.24210526315789474,0.8,1.0,0.9473684210526316,0.02570918822479929,0.0
132,3132.0,59.0,1.0,1.0,52.0,62.0,72.0,1.0,0.013888888888888888,0.013888888888888888,0.7222222222222222,0.8611111111111112,0.9861111111111112,0.01765536723163842,0.0007062146892655367
133,3135.0,90.0,0.0,0.0,0.0,0.0,2.0,0.0,0.0,0.0,0.0,0.0,1.0,0.06666666666666667,0.011111111111111112
134,3141.0,40.0,3.0,3.0,3.0,3.0,86.0,1.0,0.03488372093023256,0.03488372093023256,0.03488372093023256,0.03488372093023256,0.9883720930232558,0.03822674418604651,0.0
135,3149.0,20.0,0.0,2.0,22.0,53.0,53.0,1.0,0.0,0.03773584905660377,0.41509433962264153,1.0,0.9811320754716981,0.003792452830188679,0.0056603773584905665
136,3152.0,56.0,0.0,0.0,0.0,0.0,,0.0,,,,,,,
137,3154.0,57.0,0.0,0.0,0.0,4.0,5.0,2.0,0.0,0.0,0.0,0.8,0.6,0.04035087719298245,0.0
138,3161.0,26.0,2.0,2.0,2.0,10.0,10.0,0.0,0.2,0.2,0.2,1.0,1.0,0.09538461538461539,0.0
139,3163.0,28.0,7.0,19.0,40.0,115.0,115.0,41.0,0.06086956521739131,0.16521739130434782,0.34782608695652173,1.0,0.6434782608695653,0.12841614906832297,0.0015527950310559005
140,3170.0,122.0,0.0,0.0,0.0,1.0,2.0,0.0,0.0,0.0,0.0,0.5,1.0,0.010245901639344262,0.0
141,3175.0,105.0,18.0,27.0,41.0,89.0,449.0,146.0,0.0400890868596882,0.060133630289532294,0.09131403118040089,0.19821826280623608,0.6748329621380846,0.01315515961395694,0.007657227701771132
142,3184.0,38.0,0.0,2.0,3.0,43.0,49.0,0.0,0.0,0.04081632653061224,0.061224489795918366,0.8775510204081632,1.0,0.05504833512352309,0.020945220193340493
143,3188.0,44.0,0.0,0.0,0.0,2.0,16.0,0.0,0.0,0.0,0.0,0.125,1.0,0.01690340909090909,0.0
144,3190.0,16.0,0.0,2.0,19.0,27.0,27.0,0.0,0.0,0.07407407407407407,0.7037037037037037,1.0,1.0,0.0006547619047619047,0.0
145,3191.0,16.0,0.0,0.0,17.0,27.0,27.0,0.0,0.0,0.0,0.6296296296296297,1.0,1.0,0.001216931216931217,0.0
146,3193.0,49.0,1.0,1.0,1.0,7.0,28.0,3.0,0.03571428571428571,0.03571428571428571,0.03571428571428571,0.25,0.8928571428571429,0.05490767735665695,0.0
147,3194.0,61.0,0.0,0.0,0.0,1.0,13.0,13.0,0.0,0.0,0.0,0.07692307692307693,0.0,0.26166456494325346,0.1437578814627995
148,3198.0,95.0,9.0,15.0,37.0,81.0,361.0,152.0,0.024930747922437674,0.04155124653739612,0.10249307479224377,0.22437673130193905,0.5789473684210527,0.055270447587111825,0.012042571803469893
149,3199.0,81.0,9.0,17.0,28.0,103.0,155.0,22.0,0.05806451612903226,0.10967741935483871,0.18064516129032257,0.6645161290322581,0.8580645161290322,0.006929510155316607,0.009239346873755477
150,3209.0,103.0,0.0,0.0,0.0,43.0,236.0,58.0,0.0,0.0,0.0,0.18220338983050846,0.7542372881355932,0.024633865394108938,0.024271844660194174
151,3211.0,12.0,0.0,7.0,11.0,11.0,11.0,0.0,0.0,0.6363636363636364,1.0,1.0,1.0,0.16515151515151513,0.0
152,3219.0,23.0,0.0,1.0,5.0,63.0,63.0,2.0,0.0,0.015873015873015872,0.07936507936507936,1.0,0.9682539682539683,0.08253968253968254,0.0
153,3232.0,46.0,0.0,0.0,0.0,15.0,44.0,0.0,0.0,0.0,0.0,0.3409090909090909,1.0,0.020701581027667986,0.0
154,3235.0,26.0,0.0,2.0,15.0,80.0,80.0,5.0,0.0,0.025,0.1875,1.0,0.9375,0.034375,0.0
155,3238.0,33.0,2.0,2.0,4.0,19.0,19.0,0.0,0.10526315789473684,0.10526315789473684,0.21052631578947367,1.0,1.0,0.14577352472089317,0.019138755980861243
156,3242.0,31.0,0.0,0.0,0.0,3.0,3.0,0.0,0.0,0.0,0.0,1.0,1.0,0.08064516129032258,0.0
157,3250.0,40.0,1.0,1.0,1.0,6.0,35.0,10.0,0.02857142857142857,0.02857142857142857,0.02857142857142857,0.17142857142857143,0.7142857142857143,0.013214285714285715,0.06857142857142857
158,3251.0,20.0,0.0,0.0,8.0,28.0,28.0,0.0,0.0,0.0,0.2857142857142857,1.0,1.0,0.0027976190476190475,0.0
159,3252.0,20.0,0.0,0.0,6.0,26.0,26.0,0.0,0.0,0.0,0.23076923076923078,1.0,1.0,0.003833333333333333,0.0
160,3254.0,14.0,0.0,0.0,0.0,0.0,,0.0,,,,,,,
161,3255.0,15.0,0.0,0.0,0.0,0.0,,0.0,,,,,,,
162,3272.0,17.0,1.0,2.0,20.0,48.0,48.0,2.0,0.020833333333333332,0.041666666666666664,0.4166666666666667,1.0,0.9583333333333334,0.12622549019607843,0.0
163,3273.0,7.0,2.0,47.0,47.0,47.0,47.0,3.0,0.0425531914893617,1.0,1.0,1.0,0.9361702127659575,0.07598784194528875,0.0
164,3275.0,50.0,58.0,70.0,70.0,70.0,70.0,0.0,0.8285714285714286,1.0,1.0,1.0,1.0,0.0044523809523809525,0.0
165,3284.0,26.0,1.0,0.0,8.0,11.0,11.0,0.0,0.09090909090909091,0.0,0.7272727272727273,1.0,1.0,0.12307692307692308,0.0034965034965034965
166,3288.0,41.0,31.0,60.0,111.0,181.0,283.0,92.0,0.10954063604240283,0.21201413427561838,0.392226148409894,0.6395759717314488,0.6749116607773852,0.04791864173058692,0.021977074894423854
167,3289.0,55.0,0.0,1.0,2.0,5.0,19.0,10.0,0.0,0.05263157894736842,0.10526315789473684,0.2631578947368421,0.4736842105263158,0.013875598086124402,0.04688995215311005
168,3294.0,36.0,26.0,74.0,134.0,248.0,402.0,133.0,0.06467661691542288,0.18407960199004975,0.3333333333333333,0.6169154228855721,0.6691542288557214,0.002459231619679381,0.03931730237700387
169,3296.0,39.0,0.0,0.0,0.0,3.0,10.0,0.0,0.0,0.0,0.0,0.3,1.0,0.05692307692307692,0.007692307692307692
170,3300.0,49.0,0.0,0.0,0.0,2.0,23.0,4.0,0.0,0.0,0.0,0.08695652173913043,0.8260869565217391,0.01020408163265306,0.11535048802129548
171,3316.0,82.0,25.0,62.0,125.0,249.0,587.0,176.0,0.04258943781942078,0.10562180579216354,0.21294718909710392,0.424190800681431,0.7001703577512777,0.04959072589022313,0.011696513898699464
172,3331.0,99.0,0.0,0.0,0.0,0.0,6.0,1.0,0.0,0.0,0.0,0.0,0.8333333333333334,0.1557239057239057,0.003367003367003367
173,3337.0,7.0,0.0,52.0,52.0,52.0,52.0,15.0,0.0,1.0,1.0,1.0,0.7115384615384616,0.0005246489621489621,0.07967032967032968
174,3338.0,63.0,47.0,108.0,314.0,864.0,1842.0,576.0,0.025515743756786103,0.05863192182410423,0.17046688382193267,0.46905537459283386,0.6872964169381108,0.07137255915757544,0.009496234251934578
175,3341.0,15.0,1.0,2.0,11.0,11.0,11.0,1.0,0.09090909090909091,0.18181818181818182,1.0,1.0,0.9090909090909091,0.43333333333333335,0.0
176,3342.0,50.0,24.0,48.0,91.0,157.0,336.0,116.0,0.07142857142857142,0.14285714285714285,0.2708333333333333,0.46726190476190477,0.6547619047619048,0.032785714285714286,0.012023809523809523
177,3346.0,39.0,0.0,0.0,1.0,7.0,15.0,2.0,0.0,0.0,0.06666666666666667,0.4666666666666667,0.8666666666666667,0.17435897435897435,0.006837606837606838
178,3347.0,89.0,0.0,0.0,0.0,0.0,7.0,0.0,0.0,0.0,0.0,0.0,1.0,0.01364365971107544,0.0
179,3353.0,59.0,3.0,10.0,38.0,77.0,312.0,111.0,0.009615384615384616,0.03205128205128205,0.12179487179487179,0.2467948717948718,0.6442307692307692,0.043921121251629724,0.013092133854845719
180,3354.0,130.0,3.0,6.0,12.0,29.0,199.0,81.0,0.01507537688442211,0.03015075376884422,0.06030150753768844,0.1457286432160804,0.592964824120603,0.047700038654812524,0.01256281407035176
181,3357.0,6.0,3.0,11.0,11.0,11.0,11.0,0.0,0.2727272727272727,1.0,1.0,1.0,1.0,0.9166666666666666,0.0
182,3358.0,54.0,1.0,5.0,24.0,35.0,36.0,0.0,0.027777777777777776,0.1388888888888889,0.6666666666666666,0.9722222222222222,1.0,0.01748971193415638,0.011831275720164609
183,3362.0,129.0,13.0,20.0,28.0,43.0,234.0,89.0,0.05555555555555555,0.08547008547008547,0.11965811965811966,0.18376068376068377,0.6196581196581197,0.019810508182601206,0.004737295434969854
184,3364.0,42.0,0.0,0.0,0.0,0.0,63.0,23.0,0.0,0.0,0.0,0.0,0.6349206349206349,0.03476946334089191,0.08805744520030234
185,3366.0,42.0,16.0,36.0,67.0,126.0,232.0,89.0,0.06896551724137931,0.15517241379310345,0.28879310344827586,0.5431034482758621,0.6163793103448276,0.0970340722495895,0.034482758620689655
186,3370.0,158.0,15.0,32.0,61.0,99.0,314.0,111.0,0.04777070063694268,0.10191082802547771,0.1942675159235669,0.31528662420382164,0.6464968152866242,0.01770136257357091,0.009614609368701121
187,3377.0,41.0,13.0,28.0,70.0,114.0,206.0,74.0,0.06310679611650485,0.13592233009708737,0.33980582524271846,0.5533980582524272,0.6407766990291262,0.10946009945536347,0.007222353776935827
188,3383.0,63.0,1.0,1.0,1.0,1.0,3.0,0.0,0.3333333333333333,0.3333333333333333,0.3333333333333333,0.3333333333333333,1.0,0.013227513227513229,0.0
189,3384.0,17.0,0.0,4.0,17.0,53.0,53.0,1.0,0.0,0.07547169811320754,0.32075471698113206,1.0,0.9811320754716981,0.0002622953662597114,0.0
190,3385.0,31.0,8.0,13.0,14.0,41.0,41.0,26.0,0.1951219512195122,0.3170731707317073,0.34146341463414637,1.0,0.36585365853658536,0.0940204563335956,0.046420141620771044
191,3386.0,65.0,1.0,2.0,6.0,17.0,75.0,23.0,0.013333333333333334,0.02666666666666667,0.08,0.22666666666666666,0.6933333333333334,0.024307692307692308,0.03323076923076923
192,3387.0,54.0,3.0,5.0,34.0,34.0,34.0,0.0,0.08823529411764706,0.14705882352941177,1.0,1.0,1.0,0.01437908496732026,0.010348583877995643
193,3412.0,2.0,51.0,51.0,51.0,51.0,51.0,29.0,1.0,1.0,1.0,1.0,0.43137254901960786,0.3735294117647059,0.049019607843137254
194,3414.0,49.0,8.0,20.0,52.0,66.0,96.0,38.0,0.08333333333333333,0.20833333333333334,0.5416666666666666,0.6875,0.6041666666666667,0.09396258503401361,0.021258503401360547
195,3420.0,59.0,0.0,0.0,1.0,46.0,50.0,5.0,0.0,0.0,0.02,0.92,0.9,0.042203389830508475,0.0
196,3421.0,9.0,5.0,44.0,68.0,68.0,68.0,1.0,0.07352941176470588,0.6470588235294118,1.0,1.0,0.9852941176470589,0.028888888888888888,0.0016339869281045752
197,3425.0,60.0,2.0,2.0,9.0,36.0,227.0,1.0,0.00881057268722467,0.00881057268722467,0.039647577092511016,0.15859030837004406,0.9955947136563876,0.0341776798825257,0.00029368575624082237
198,3427.0,33.0,0.0,0.0,0.0,3.0,6.0,0.0,0.0,0.0,0.0,0.5,1.0,0.06565656565656565,0.015151515151515152
199,3429.0,49.0,0.0,8.0,38.0,88.0,218.0,1.0,0.0,0.03669724770642202,0.1743119266055046,0.4036697247706422,0.9954128440366973,0.03896274105972665,0.001123385133870062
200,3435.0,9.0,5.0,27.0,64.0,64.0,64.0,1.0,0.078125,0.421875,1.0,1.0,0.984375,0.013819444444444445,0.0
201,3436.0,25.0,0.0,0.0,0.0,20.0,20.0,0.0,0.0,0.0,0.0,1.0,1.0,0.0404,0.008
202,3438.0,60.0,0.0,0.0,1.0,4.0,12.0,2.0,0.0,0.0,0.08333333333333333,0.3333333333333333,0.8333333333333334,0.0875,0.0
203,3439.0,58.0,3.0,7.0,52.0,69.0,71.0,5.0,0.04225352112676056,0.09859154929577464,0.7323943661971831,0.971830985915493,0.9295774647887324,0.01056338028169014,0.0
204,3443.0,47.0,0.0,0.0,0.0,0.0,22.0,1.0,0.0,0.0,0.0,0.0,0.9545454545454546,0.14458413926499034,0.0038684719535783366
205,3445.0,70.0,50.0,101.0,191.0,330.0,758.0,127.0,0.06596306068601583,0.13324538258575197,0.2519788918205805,0.43535620052770446,0.8324538258575198,0.03384847342630984,0.005145118733509235
206,3446.0,54.0,18.0,37.0,60.0,94.0,327.0,71.0,0.05504587155963303,0.11314984709480122,0.1834862385321101,0.2874617737003058,0.7828746177370031,0.06436176237399478,0.0049269452939177715
207,3465.0,71.0,3.0,3.0,3.0,4.0,15.0,1.0,0.2,0.2,0.2,0.26666666666666666,0.9333333333333333,0.00033320292123109027,0.0
208,3466.0,36.0,0.0,44.0,44.0,44.0,44.0,0.0,0.0,1.0,1.0,1.0,1.0,0.018529040404040405,0.0
209,3467.0,17.0,0.0,0.0,8.0,8.0,8.0,0.0,0.0,0.0,1.0,1.0,1.0,0.04044117647058824,0.014705882352941176
210,3470.0,19.0,0.0,1.0,9.0,47.0,47.0,2.0,0.0,0.02127659574468085,0.19148936170212766,1.0,0.9574468085106383,0.11825307950727884,0.0
211,3471.0,42.0,0.0,0.0,8.0,12.0,31.0,17.0,0.0,0.0,0.25806451612903225,0.3870967741935484,0.4516129032258065,0.04301075268817204,0.056067588325652847
212,3477.0,130.0,0.0,0.0,0.0,0.0,209.0,68.0,0.0,0.0,0.0,0.0,0.6746411483253589,0.01513433934486566,0.016231137283768862
213,3478.0,6.0,28.0,36.0,36.0,36.0,36.0,1.0,0.7777777777777778,1.0,1.0,1.0,0.9722222222222222,0.12962962962962962,0.0
214,3483.0,3.0,65.0,65.0,65.0,65.0,65.0,1.0,1.0,1.0,1.0,1.0,0.9846153846153847,0.04533333333333333,0.0
215,3484.0,3.0,63.0,63.0,63.0,63.0,63.0,1.0,1.0,1.0,1.0,1.0,0.9841269841269842,0.040317460317460314,0.0
216,3488.0,17.0,0.0,0.0,7.0,11.0,11.0,0.0,0.0,0.0,0.6363636363636364,1.0,1.0,0.2486631016042781,0.0
217,3492.0,3.0,53.0,53.0,53.0,53.0,53.0,1.0,1.0,1.0,1.0,1.0,0.9811320754716981,0.38993710691823896,0.0
218,3495.0,19.0,1.0,3.0,4.0,10.0,10.0,4.0,0.1,0.3,0.4,1.0,0.6,0.004105263157894737,0.0
219,3496.0,9.0,62.0,83.0,84.0,84.0,84.0,1.0,0.7380952380952381,0.9880952380952381,1.0,1.0,0.9880952380952381,0.07076719576719577,0.0
220,3497.0,16.0,6.0,24.0,66.0,66.0,66.0,6.0,0.09090909090909091,0.36363636363636365,1.0,1.0,0.9090909090909091,0.09611742424242424,0.008522727272727272
221,3501.0,39.0,0.0,0.0,6.0,21.0,232.0,1.0,0.0,0.0,0.02586206896551724,0.09051724137931035,0.9956896551724138,0.05669761273209549,0.00011052166224580017
222,3504.0,62.0,8.0,17.0,51.0,114.0,409.0,114.0,0.019559902200488997,0.04156479217603912,0.12469437652811736,0.2787286063569682,0.7212713936430317,0.06832163419828062,0.01301364460919631
223,3507.0,40.0,3.0,9.0,23.0,45.0,87.0,29.0,0.034482758620689655,0.10344827586206896,0.26436781609195403,0.5172413793103449,0.6666666666666667,0.07686781609195402,0.023850574712643676
224,3509.0,38.0,0.0,1.0,8.0,28.0,158.0,43.0,0.0,0.006329113924050633,0.05063291139240506,0.17721518987341772,0.7278481012658228,0.05429713524317122,0.004996668887408395
225,3512.0,11.0,0.0,5.0,10.0,10.0,10.0,0.0,0.0,0.5,1.0,1.0,1.0,0.2,0.0
226,3516.0,122.0,0.0,0.0,1.0,1.0,10.0,0.0,0.0,0.0,0.1,0.1,1.0,0.08155737704918033,0.013114754098360656
227,3517.0,63.0,1.0,4.0,7.0,18.0,107.0,43.0,0.009345794392523364,0.037383177570093455,0.06542056074766354,0.16822429906542055,0.5981308411214954,0.07298620382732532,0.032487761459724075
228,3521.0,51.0,0.0,0.0,22.0,54.0,157.0,49.0,0.0,0.0,0.14012738853503184,0.34394904458598724,0.6878980891719746,0.03869114524790808,0.05045585113026102
229,3524.0,122.0,8.0,16.0,46.0,105.0,773.0,114.0,0.01034928848641656,0.02069857697283312,0.059508408796895215,0.13583441138421734,0.8525226390685641,0.014467796322609378,0.0027781901469683796
230,3525.0,13.0,1.0,1.0,7.0,7.0,7.0,7.0,0.14285714285714285,0.14285714285714285,1.0,1.0,0.0,0.23076923076923078,0.15384615384615385
231,3526.0,76.0,14.0,29.0,65.0,179.0,625.0,220.0,0.0224,0.0464,0.104,0.2864,0.648,0.07777894736842106,0.013915789473684211
232,3529.0,114.0,0.0,0.0,0.0,0.0,9.0,0.0,0.0,0.0,0.0,0.0,1.0,0.0004288499025341131,0.0
233,3531.0,28.0,0.0,0.0,0.0,2.0,2.0,0.0,0.0,0.0,0.0,1.0,1.0,0.1464285714285714,0.0
234,3532.0,91.0,1.0,6.0,11.0,29.0,261.0,65.0,0.0038314176245210726,0.022988505747126436,0.0421455938697318,0.1111111111111111,0.7509578544061303,0.014357290219359184,0.008715422508525958
235,3533.0,71.0,0.0,1.0,1.0,6.0,56.0,2.0,0.0,0.017857142857142856,0.017857142857142856,0.10714285714285714,0.9642857142857143,0.024396378269617706,0.002766599597585513
236,3536.0,29.0,0.0,2.0,2.0,45.0,45.0,0.0,0.0,0.044444444444444446,0.044444444444444446,1.0,1.0,0.042975734355044704,0.0022988505747126436
237,3539.0,112.0,18.0,24.0,40.0,64.0,367.0,162.0,0.04904632152588556,0.0653950953678474,0.10899182561307902,0.17438692098092642,0.5585831062670299,0.032575905021409106,0.011604710003892566
238,3540.0,46.0,18.0,34.0,78.0,173.0,425.0,153.0,0.042352941176470586,0.08,0.18352941176470589,0.40705882352941175,0.64,0.08892071611253197,0.02209718670076726
239,3552.0,103.0,3.0,3.0,5.0,5.0,14.0,2.0,0.21428571428571427,0.21428571428571427,0.35714285714285715,0.35714285714285715,0.8571428571428572,9.29264909847434e-05,0.0
240,3555.0,89.0,1.0,1.0,2.0,6.0,67.0,4.0,0.014925373134328358,0.014925373134328358,0.029850746268656716,0.08955223880597014,0.9402985074626866,0.06791883280228073,0.0015093073956062384
241,3556.0,96.0,0.0,0.0,0.0,0.0,13.0,2.0,0.0,0.0,0.0,0.0,0.8461538461538461,0.0001233974358974359,0.0
242,3557.0,96.0,0.0,0.0,0.0,0.0,12.0,2.0,0.0,0.0,0.0,0.0,0.8333333333333334,8.854166666666667e-05,0.0
243,3558.0,96.0,0.0,1.0,1.0,1.0,12.0,2.0,0.0,0.08333333333333333,0.08333333333333333,0.08333333333333333,0.8333333333333334,6.25e-05,0.0
244,3559.0,96.0,0.0,0.0,0.0,1.0,12.0,2.0,0.0,0.0,0.0,0.08333333333333333,0.8333333333333334,0.0001111111111111111,0.0
245,3560.0,95.0,0.0,0.0,0.0,0.0,12.0,2.0,0.0,0.0,0.0,0.0,0.8333333333333334,7.017543859649124e-05,0.0
246,3564.0,81.0,0.0,0.0,1.0,1.0,14.0,1.0,0.0,0.0,0.07142857142857142,0.07142857142857142,0.9285714285714286,0.07010582010582012,0.0008818342151675485
247,3565.0,48.0,0.0,1.0,1.0,1.0,20.0,3.0,0.0,0.05,0.05,0.05,0.85,0.0011979166666666668,0.0
248,3574.0,65.0,1.0,2.0,4.0,42.0,42.0,1.0,0.023809523809523808,0.047619047619047616,0.09523809523809523,1.0,0.9761904761904762,0.01677655677655678,0.0003663003663003663
249,3578.0,20.0,0.0,0.0,23.0,38.0,38.0,0.0,0.0,0.0,0.6052631578947368,1.0,1.0,0.08157894736842106,0.009210526315789473
250,3581.0,74.0,3.0,3.0,3.0,4.0,152.0,0.0,0.019736842105263157,0.019736842105263157,0.019736842105263157,0.02631578947368421,1.0,0.030938833570412515,0.0
251,3582.0,12.0,12.0,32.0,85.0,85.0,85.0,1.0,0.1411764705882353,0.3764705882352941,1.0,1.0,0.9882352941176471,0.05696078431372549,0.0
252,3583.0,24.0,0.0,0.0,2.0,5.0,5.0,0.0,0.0,0.0,0.4,1.0,1.0,0.016666666666666666,0.0
253,3584.0,18.0,1.0,1.0,41.0,41.0,41.0,1.0,0.024390243902439025,0.024390243902439025,1.0,1.0,0.975609756097561,0.14227642276422764,0.0
254,3585.0,57.0,1.0,1.0,2.0,3.0,10.0,3.0,0.1,0.1,0.2,0.3,0.7,0.03824561403508772,0.12456140350877193
255,3586.0,65.0,7.0,13.0,22.0,45.0,300.0,99.0,0.023333333333333334,0.043333333333333335,0.07333333333333333,0.15,0.6699999999999999,0.03605128205128205,0.01564102564102564
256,3592.0,61.0,0.0,1.0,4.0,5.0,68.0,4.0,0.0,0.014705882352941176,0.058823529411764705,0.07352941176470588,0.9411764705882353,0.11559787849566057,0.0016875602700096432
257,3594.0,16.0,1.0,2.0,22.0,22.0,22.0,0.0,0.045454545454545456,0.09090909090909091,1.0,1.0,1.0,0.0026704545454545453,0.0
258,3596.0,26.0,0.0,1.0,4.0,45.0,45.0,0.0,0.0,0.022222222222222223,0.08888888888888889,1.0,1.0,0.004435897435897436,0.0
259,3597.0,26.0,0.0,0.0,4.0,43.0,43.0,0.0,0.0,0.0,0.09302325581395349,1.0,1.0,0.004695885509838999,0.0
260,3598.0,61.0,0.0,0.0,0.0,0.0,70.0,1.0,0.0,0.0,0.0,0.0,0.9857142857142858,0.09362997658079625,0.0
261,3599.0,60.0,3.0,12.0,26.0,58.0,627.0,162.0,0.004784688995215311,0.019138755980861243,0.04146730462519936,0.09250398724082935,0.7416267942583732,0.07353801169590643,0.006034024455077087
262,3602.0,54.0,0.0,0.0,0.0,11.0,34.0,6.0,0.0,0.0,0.0,0.3235294117647059,0.8235294117647058,0.042211328976034856,0.0005446623093681917
263,3603.0,14.0,0.0,1.0,21.0,21.0,21.0,0.0,0.0,0.047619047619047616,1.0,1.0,1.0,0.002891156462585034,0.0
264,3611.0,114.0,0.0,0.0,0.0,8.0,147.0,41.0,0.0,0.0,0.0,0.05442176870748299,0.7210884353741497,0.024119823367943667,0.027747941281775868
265,3613.0,22.0,2.0,2.0,3.0,10.0,10.0,0.0,0.2,0.2,0.3,1.0,1.0,0.024318181818181815,0.009090909090909092
266,3616.0,16.0,0.0,6.0,37.0,37.0,37.0,1.0,0.0,0.16216216216216217,1.0,1.0,0.972972972972973,0.07939189189189189,0.0
267,3617.0,52.0,0.0,0.0,0.0,1.0,11.0,4.0,0.0,0.0,0.0,0.09090909090909091,0.6363636363636364,0.057692307692307696,0.0
268,3618.0,60.0,0.0,0.0,1.0,4.0,46.0,39.0,0.0,0.0,0.021739130434782608,0.08695652173913043,0.15217391304347827,0.13253623188405797,0.049637681159420285
269,3620.0,33.0,0.0,0.0,3.0,16.0,34.0,3.0,0.0,0.0,0.08823529411764706,0.47058823529411764,0.9117647058823529,0.049910873440285206,0.00089126559714795
270,3632.0,66.0,1.0,2.0,3.0,88.0,91.0,1.0,0.01098901098901099,0.02197802197802198,0.03296703296703297,0.967032967032967,0.989010989010989,0.025807525807525808,0.0
271,3633.0,9.0,2.0,9.0,21.0,21.0,21.0,0.0,0.09523809523809523,0.42857142857142855,1.0,1.0,1.0,0.0045767195767195765,0.0
272,3634.0,90.0,9.0,11.0,17.0,36.0,167.0,48.0,0.05389221556886228,0.0658682634730539,0.10179640718562874,0.2155688622754491,0.7125748502994012,0.015089820359281437,0.008449767132401862
273,3636.0,50.0,0.0,0.0,0.0,0.0,28.0,1.0,0.0,0.0,0.0,0.0,0.9642857142857143,0.06142857142857143,0.015714285714285715
274,3638.0,139.0,3.0,7.0,10.0,16.0,179.0,75.0,0.01675977653631285,0.03910614525139665,0.055865921787709494,0.0893854748603352,0.5810055865921788,0.01041758771753547,0.004501426791527672
275,3640.0,45.0,1.0,1.0,1.0,1.0,20.0,0.0,0.05,0.05,0.05,0.05,1.0,0.011666666666666667,0.0022222222222222222
276,3642.0,26.0,0.0,1.0,5.0,29.0,29.0,0.0,0.0,0.034482758620689655,0.1724137931034483,1.0,1.0,0.0129973474801061,0.034482758620689655
277,3645.0,39.0,1.0,1.0,2.0,12.0,39.0,20.0,0.02564102564102564,0.02564102564102564,0.05128205128205128,0.3076923076923077,0.4871794871794872,0.13247863247863248,0.026298487836949373
278,3646.0,27.0,0.0,0.0,0.0,7.0,7.0,0.0,0.0,0.0,0.0,1.0,1.0,0.020634920634920634,0.0
279,3647.0,20.0,7.0,7.0,13.0,14.0,14.0,0.0,0.5,0.5,0.9285714285714286,1.0,1.0,0.15178571428571427,0.0
280,3648.0,12.0,1.0,2.0,8.0,8.0,8.0,0.0,0.125,0.25,1.0,1.0,1.0,0.128125,0.010416666666666666
281,3651.0,20.0,0.0,1.0,16.0,30.0,30.0,1.0,0.0,0.03333333333333333,0.5333333333333333,1.0,0.9666666666666667,0.09083333333333334,0.0
282,3655.0,48.0,0.0,0.0,0.0,0.0,40.0,0.0,0.0,0.0,0.0,0.0,1.0,0.0008520833333333333,0.0
283,3656.0,50.0,0.0,0.0,1.0,8.0,33.0,3.0,0.0,0.0,0.030303030303030304,0.24242424242424243,0.9090909090909091,0.048363636363636366,0.0
284,3658.0,16.0,0.0,0.0,4.0,4.0,4.0,0.0,0.0,0.0,1.0,1.0,1.0,0.109375,0.0
285,3659.0,38.0,0.0,0.0,2.0,68.0,77.0,0.0,0.0,0.0,0.025974025974025976,0.8831168831168831,1.0,0.0562200956937799,0.024265208475734792
286,3660.0,38.0,0.0,0.0,1.0,5.0,17.0,0.0,0.0,0.0,0.058823529411764705,0.29411764705882354,1.0,0.13390092879256965,0.0
287,3661.0,36.0,0.0,1.0,2.0,10.0,20.0,0.0,0.0,0.05,0.1,0.5,1.0,0.036944444444444446,0.006944444444444444
288,3669.0,23.0,6.0,10.0,20.0,77.0,77.0,2.0,0.07792207792207792,0.12987012987012986,0.2597402597402597,1.0,0.974025974025974,0.019017504234895538,0.003952569169960474
289,3670.0,55.0,40.0,64.0,97.0,180.0,404.0,121.0,0.09900990099009901,0.15841584158415842,0.2400990099009901,0.44554455445544555,0.7004950495049505,0.017236723672367237,0.019666966696669667
290,3671.0,111.0,0.0,0.0,7.0,13.0,13.0,0.0,0.0,0.0,0.5384615384615384,1.0,1.0,0.018364518364518363,0.0
291,3690.0,14.0,0.0,1.0,32.0,32.0,32.0,0.0,0.0,0.03125,1.0,1.0,1.0,0.030357142857142857,0.004464285714285714
292,3706.0,91.0,5.0,11.0,21.0,33.0,465.0,107.0,0.010752688172043012,0.023655913978494623,0.04516129032258064,0.07096774193548387,0.7698924731182796,7.122507122507122e-06,0.016235377525700107
293,3722.0,75.0,0.0,0.0,0.0,2.0,2.0,0.0,0.0,0.0,0.0,1.0,1.0,0.02,0.0
294,3729.0,30.0,0.0,1.0,3.0,19.0,19.0,2.0,0.0,0.05263157894736842,0.15789473684210525,1.0,0.8947368421052632,0.11333333333333333,0.0
295,3731.0,25.0,3.0,4.0,11.0,66.0,66.0,8.0,0.045454545454545456,0.06060606060606061,0.16666666666666666,1.0,0.8787878787878788,0.07797979797979798,0.026666666666666665
296,3742.0,44.0,0.0,0.0,2.0,8.0,29.0,0.0,0.0,0.0,0.06896551724137931,0.27586206896551724,1.0,0.05329153605015673,0.0
297,3744.0,16.0,1.0,7.0,45.0,45.0,45.0,0.0,0.022222222222222223,0.15555555555555556,1.0,1.0,1.0,0.0875,0.0
298,3746.0,19.0,0.0,0.0,0.0,5.0,5.0,0.0,0.0,0.0,0.0,1.0,1.0,0.018947368421052633,0.0
299,3747.0,65.0,0.0,0.0,1.0,1.0,6.0,0.0,0.0,0.0,0.16666666666666666,0.16666666666666666,1.0,0.01,0.010256410256410256
300,3750.0,13.0,3.0,14.0,25.0,25.0,25.0,0.0,0.12,0.56,1.0,1.0,1.0,0.14923076923076922,0.0
301,3752.0,9.0,11.0,29.0,50.0,50.0,50.0,1.0,0.22,0.58,1.0,1.0,0.98,0.27555555555555555,0.10666666666666666
302,3756.0,56.0,39.0,62.0,145.0,301.0,917.0,261.0,0.04252998909487459,0.06761177753544166,0.15812431842966193,0.3282442748091603,0.7153762268266085,0.03985823336968375,0.01836345225112946
303,3757.0,74.0,0.0,0.0,4.0,11.0,60.0,49.0,0.0,0.0,0.06666666666666667,0.18333333333333332,0.18333333333333335,0.18522522522522522,0.05855855855855856
304,3765.0,137.0,0.0,0.0,0.0,0.0,38.0,1.0,0.0,0.0,0.0,0.0,0.9736842105263158,0.002583557433730311,0.0
305,3772.0,65.0,22.0,53.0,138.0,246.0,688.0,175.0,0.03197674418604651,0.07703488372093023,0.2005813953488372,0.35755813953488375,0.7456395348837209,0.08413461538461539,0.005008944543828265
306,3774.0,89.0,20.0,26.0,33.0,42.0,185.0,67.0,0.10810810810810811,0.14054054054054055,0.1783783783783784,0.22702702702702704,0.6378378378378378,0.017102945642271487,0.012389918007895536
307,3778.0,63.0,0.0,0.0,1.0,4.0,33.0,25.0,0.0,0.0,0.030303030303030304,0.12121212121212122,0.24242424242424243,0.11303511303511303,0.01827801827801828
308,3781.0,19.0,0.0,0.0,1.0,7.0,7.0,1.0,0.0,0.0,0.14285714285714285,1.0,0.8571428571428572,0.05037593984962406,0.0
309,3783.0,137.0,1.0,1.0,1.0,1.0,19.0,0.0,0.05263157894736842,0.05263157894736842,0.05263157894736842,0.05263157894736842,1.0,0.0056089127929312334,0.00038417210910487895
310,3785.0,15.0,2.0,4.0,16.0,16.0,16.0,3.0,0.125,0.25,1.0,1.0,0.8125,0.10583333333333333,0.0
311,3786.0,21.0,1.0,1.0,3.0,13.0,13.0,0.0,0.07692307692307693,0.07692307692307693,0.23076923076923078,1.0,1.0,0.28937728937728935,0.0
312,3787.0,20.0,0.0,1.0,15.0,20.0,20.0,0.0,0.0,0.05,0.75,1.0,1.0,0.06625,0.0
313,3788.0,90.0,66.0,122.0,223.0,401.0,1761.0,343.0,0.03747870528109029,0.06927881885292447,0.12663259511641112,0.2277115275411698,0.8052243043725156,0.02620985551138873,0.003079058615685532
314,3792.0,91.0,0.0,0.0,0.0,0.0,23.0,3.0,0.0,0.0,0.0,0.0,0.8695652173913043,0.0011419015766841855,0.0
315,3793.0,36.0,0.0,0.0,0.0,15.0,35.0,13.0,0.0,0.0,0.0,0.42857142857142855,0.6285714285714286,0.006507936507936509,0.08015873015873015
316,3794.0,12.0,0.0,2.0,16.0,16.0,16.0,0.0,0.0,0.125,1.0,1.0,1.0,0.4348958333333333,0.0
317,3801.0,18.0,0.0,0.0,22.0,75.0,75.0,4.0,0.0,0.0,0.29333333333333333,1.0,0.9466666666666667,0.06129629629629629,0.0
318,3808.0,50.0,0.0,0.0,0.0,0.0,29.0,0.0,0.0,0.0,0.0,0.0,1.0,0.02206896551724138,0.0
319,3809.0,44.0,0.0,2.0,8.0,36.0,42.0,0.0,0.0,0.047619047619047616,0.19047619047619047,0.8571428571428571,1.0,0.030194805194805198,0.020562770562770564
320,3811.0,10.0,1.0,11.0,96.0,96.0,96.0,2.0,0.010416666666666666,0.11458333333333333,1.0,1.0,0.9791666666666666,0.09770833333333334,0.0
321,3814.0,9.0,9.0,13.0,16.0,16.0,16.0,2.0,0.5625,0.8125,1.0,1.0,0.875,0.016527777777777777,0.013888888888888888
322,3816.0,74.0,20.0,38.0,80.0,163.0,694.0,217.0,0.02881844380403458,0.05475504322766571,0.11527377521613832,0.23487031700288186,0.6873198847262247,0.04665861827245113,0.0073993301659007705
323,3819.0,23.0,0.0,0.0,5.0,28.0,28.0,1.0,0.0,0.0,0.17857142857142858,1.0,0.9642857142857143,0.06739130434782609,0.004658385093167702
324,3823.0,18.0,0.0,0.0,21.0,73.0,73.0,4.0,0.0,0.0,0.2876712328767123,1.0,0.9452054794520548,0.06506849315068493,0.0
325,3825.0,11.0,0.0,2.0,4.0,4.0,4.0,0.0,0.0,0.5,1.0,1.0,1.0,0.2409090909090909,0.0
326,3826.0,10.0,0.0,10.0,22.0,22.0,22.0,0.0,0.0,0.45454545454545453,1.0,1.0,1.0,0.5204545454545454,0.0
327,3829.0,30.0,0.0,0.0,8.0,48.0,48.0,1.0,0.0,0.0,0.16666666666666666,1.0,0.9791666666666666,0.10104166666666667,0.0
328,3830.0,58.0,0.0,1.0,10.0,36.0,37.0,0.0,0.0,0.02702702702702703,0.2702702702702703,0.972972972972973,1.0,0.02260018639328984,0.016775396085740916
329,3833.0,26.0,0.0,0.0,20.0,125.0,125.0,2.0,0.0,0.0,0.16,1.0,0.984,0.028615384615384615,0.0
330,3834.0,19.0,2.0,3.0,60.0,106.0,106.0,6.0,0.018867924528301886,0.02830188679245283,0.5660377358490566,1.0,0.9433962264150944,0.10215988083416087,0.004468718967229394
331,3836.0,21.0,0.0,3.0,6.0,17.0,17.0,2.0,0.0,0.17647058823529413,0.35294117647058826,1.0,0.8823529411764706,0.09635854341736694,0.0
332,3842.0,16.0,1.0,1.0,23.0,23.0,23.0,1.0,0.043478260869565216,0.043478260869565216,1.0,1.0,0.9565217391304348,0.20108695652173914,0.0
333,3844.0,18.0,0.0,0.0,8.0,72.0,72.0,4.0,0.0,0.0,0.1111111111111111,1.0,0.9444444444444444,0.05150462962962963,0.0
334,3845.0,21.0,0.0,0.0,1.0,5.0,5.0,1.0,0.0,0.0,0.2,1.0,0.8,0.13333333333333333,0.0
335,3848.0,20.0,1.0,1.0,94.0,167.0,167.0,6.0,0.005988023952095809,0.005988023952095809,0.562874251497006,1.0,0.9640718562874252,0.07305389221556886,0.0
336,3849.0,28.0,0.0,0.0,0.0,7.0,7.0,0.0,0.0,0.0,0.0,1.0,1.0,0.014285714285714285,0.0
337,3850.0,52.0,0.0,0.0,0.0,2.0,8.0,0.0,0.0,0.0,0.0,0.25,1.0,0.1622596153846154,0.0
338,3851.0,32.0,1.0,1.0,12.0,24.0,25.0,0.0,0.04,0.04,0.48,0.96,1.0,0.055625,0.0
339,3855.0,41.0,1.0,1.0,2.0,2.0,32.0,0.0,0.03125,0.03125,0.0625,0.0625,1.0,0.04085365853658536,0.0
340,3856.0,17.0,1.0,1.0,10.0,12.0,12.0,0.0,0.08333333333333333,0.08333333333333333,0.8333333333333334,1.0,1.0,0.08382352941176471,0.0
341,3857.0,61.0,1.0,2.0,3.0,3.0,8.0,0.0,0.125,0.25,0.375,0.375,1.0,0.030737704918032786,0.0
342,3858.0,43.0,0.0,0.0,1.0,4.0,33.0,1.0,0.0,0.0,0.030303030303030304,0.12121212121212122,0.9696969696969697,0.07575757575757576,0.0
343,3859.0,48.0,1.0,1.0,1.0,1.0,1.0,0.0,1.0,1.0,1.0,1.0,1.0,0.005208333333333333,0.0
344,3860.0,12.0,10.0,12.0,31.0,31.0,31.0,2.0,0.3225806451612903,0.3870967741935484,1.0,1.0,0.935483870967742,0.14650537634408603,0.0
345,3861.0,54.0,0.0,0.0,0.0,2.0,31.0,3.0,0.0,0.0,0.0,0.06451612903225806,0.9032258064516129,0.02226204699322979,0.0
346,3866.0,54.0,0.0,1.0,17.0,38.0,165.0,3.0,0.0,0.006060606060606061,0.10303030303030303,0.23030303030303031,0.9818181818181818,0.07272727272727272,0.0006734006734006733
347,3871.0,9.0,4.0,8.0,8.0,8.0,8.0,8.0,0.5,1.0,1.0,1.0,0.0,0.20833333333333334,0.1111111111111111
348,3872.0,22.0,1.0,1.0,11.0,110.0,110.0,7.0,0.00909090909090909,0.00909090909090909,0.1,1.0,0.9363636363636364,0.09168388429752067,0.007024793388429752
349,3875.0,24.0,0.0,1.0,20.0,63.0,63.0,1.0,0.0,0.015873015873015872,0.31746031746031744,1.0,0.9841269841269842,0.14252645502645503,0.0
350,3876.0,29.0,0.0,0.0,0.0,3.0,3.0,1.0,0.0,0.0,0.0,1.0,0.6666666666666667,0.04597701149425287,0.0
351,3877.0,3.0,84.0,84.0,84.0,84.0,84.0,0.0,1.0,1.0,1.0,1.0,1.0,0.008714596949891068,0.0
352,3878.0,3.0,81.0,81.0,81.0,81.0,81.0,0.0,1.0,1.0,1.0,1.0,1.0,0.0071814734124102325,0.0
353,3879.0,12.0,2.0,17.0,20.0,20.0,20.0,2.0,0.1,0.85,1.0,1.0,0.9,0.009666666666666667,0.0
354,3880.0,25.0,0.0,1.0,5.0,174.0,174.0,6.0,0.0,0.005747126436781609,0.028735632183908046,1.0,0.9655172413793104,0.06919540229885057,0.0
355,3881.0,45.0,0.0,1.0,5.0,5.0,53.0,2.0,0.0,0.018867924528301886,0.09433962264150944,0.09433962264150944,0.9622641509433962,0.10209643605870021,0.0004192872117400419
356,3883.0,15.0,0.0,0.0,19.0,19.0,19.0,1.0,0.0,0.0,1.0,1.0,0.9473684210526316,0.16315789473684209,0.0
357,3884.0,17.0,0.0,0.0,7.0,11.0,11.0,0.0,0.0,0.0,0.6363636363636364,1.0,1.0,0.11550802139037433,0.0
358,3889.0,30.0,0.0,2.0,7.0,35.0,35.0,1.0,0.0,0.05714285714285714,0.2,1.0,0.9714285714285714,0.07285714285714286,0.0
359,3890.0,8.0,1.0,33.0,33.0,33.0,33.0,0.0,0.030303030303030304,1.0,1.0,1.0,1.0,0.2727272727272727,0.0
360,3891.0,8.0,1.0,7.0,7.0,7.0,7.0,0.0,0.14285714285714285,1.0,1.0,1.0,1.0,0.25,0.0
361,3892.0,17.0,0.0,1.0,12.0,35.0,35.0,1.0,0.0,0.02857142857142857,0.34285714285714286,1.0,0.9714285714285714,0.1405042016806723,0.0
362,3893.0,37.0,1.0,1.0,2.0,11.0,34.0,5.0,0.029411764705882353,0.029411764705882353,0.058823529411764705,0.3235294117647059,0.8529411764705882,0.07750397456279809,0.0015898251192368838
363,3895.0,37.0,0.0,0.0,0.0,8.0,10.0,0.0,0.0,0.0,0.0,0.8,1.0,0.05675675675675676,0.0
364,3896.0,40.0,1.0,1.0,2.0,5.0,6.0,2.0,0.16666666666666666,0.16666666666666666,0.3333333333333333,0.8333333333333334,0.6666666666666667,0.009166666666666667,0.0
