CompetitionId,M22_3,M22_7,M22_15,M22_30,M22_deadline,M23_3,M23_7,M23_15,M23_30,M23_deadline,M24_3,M24_7,M24_15,M24_30,M24_deadline,M23_IsClamped,M22_IsClamped
2435.0,0.6666666666666666,0.8571428571428571,0.8,0.49056603773584906,0.4915254237288136,0.0,0.0,0.0,1.0,1.0,,,,0.7111111111111111,0.5901060070671378,1.0,
2438.0,0.15942028985507245,0.46226415094339623,0.5433070866141733,0.5433070866141733,0.5433070866141733,0.0,0.0,0.0,0.0,,,,,,,,
2439.0,0.006944444444444444,0.0392156862745098,0.09883720930232558,0.1568627450980392,0.27419354838709675,0.7986111111111112,1.0,1.0,1.0,1.0,0.991304347826087,0.9685863874345549,0.9411764705882353,0.9262672811059908,0.8247422680412371,1.0,
2442.0,0.10144927536231885,0.42452830188679247,0.5039370078740157,0.5039370078740157,0.5039370078740157,0.0,0.0,0.0,0.0,,,,,,,,
2445.0,0.010297482837528604,0.01545253863134658,0.029227557411273485,0.06978967495219886,0.15196078431372548,0.2345537757437071,0.26379690949227375,0.29018789144050106,0.3384321223709369,0.438375350140056,0.9560975609756097,0.9414225941422594,0.8992805755395683,0.7937853107344632,0.6533546325878594,,
2447.0,0.08243727598566308,0.12709030100334448,0.18944099378881987,0.28,0.39457831325301207,0.6702508960573477,0.7525083612040134,0.8322981366459627,1.0,0.9668674698795181,0.8770053475935828,0.8311111111111111,0.7723880597014925,0.7272727272727273,0.5919003115264798,1.0,
2448.0,0.009708737864077669,0.012461059190031152,0.01977401129943503,0.030534351145038167,0.133630289532294,0.3268608414239482,0.3707165109034268,0.4491525423728814,0.5368956743002544,0.5679287305122495,0.9702970297029703,0.9663865546218487,0.9559748427672956,0.943127962085308,0.7647058823529411,,
2452.0,0.006382978723404255,0.006172839506172839,0.009671179883945842,0.025996533795493933,0.06835066864784546,0.08936170212765958,0.10082304526748971,0.12959381044487428,0.2045060658578856,0.2674591381872214,0.9285714285714286,0.9387755102040817,0.9253731343283582,0.8728813559322034,0.7444444444444445,,
2454.0,0.0106951871657754,0.01232394366197183,0.017094017094017096,0.021172638436482084,0.04592240696753761,0.0766488413547237,0.10387323943661972,0.1264957264957265,0.15309446254071662,0.14806017418844022,0.8604651162790697,0.8813559322033898,0.8648648648648649,0.8617021276595744,0.6898395721925134,,
2464.0,0.011254019292604502,0.01694915254237288,0.0310192023633678,0.041820418204182044,0.13479923518164436,0.15112540192926044,0.18335901386748846,0.24372230428360414,0.3456334563345633,0.3824091778202677,0.925531914893617,0.907563025210084,0.8727272727272728,0.8790035587188612,0.6475,,
2467.0,0.03375527426160337,0.04625850340136054,0.08241082410824108,0.11965811965811966,0.27490909090909094,0.41350210970464135,0.5047619047619047,0.8634686346863468,0.9198717948717948,0.856,0.9183673469387755,0.9083557951482479,0.9045584045584045,0.8699186991869918,0.6788445199660154,,
2478.0,0.013574660633484163,0.02096069868995633,0.04228855721393035,0.06808510638297872,0.12625250501002003,0.11493212669683257,0.15807860262008733,0.20729684908789386,0.28936170212765955,0.37140948563794257,0.8818897637795275,0.8674033149171271,0.796,0.7647058823529411,0.6600719424460432,,
2479.0,0.008416220351951033,0.01090909090909091,0.018156424581005588,0.03139612558450234,0.09017941454202077,0.0504973221117062,0.10472727272727272,0.17597765363128492,0.23380093520374082,0.3654390934844193,0.8333333333333334,0.8958333333333334,0.8968253968253969,0.8657142857142857,0.7532299741602067,,
2487.0,0.0,0.0017123287671232876,0.0050568900126422255,0.007777322963569382,0.026492405510420345,0.09299307958477508,0.10702054794520548,0.12852928782132322,0.14981580024559968,0.1773225008830802,1.0,0.984,0.9606557377049181,0.9480874316939891,0.850597609561753,,
2488.0,0.0027210884353741495,0.003355704697986577,0.005298013245033113,0.0112079701120797,0.017111222949169603,0.04965986394557823,0.06375838926174497,0.09072847682119205,0.12017434620174346,0.0996477101157524,0.9452054794520548,0.9473684210526316,0.9416058394160584,0.9067357512953368,0.8282828282828283,,
2489.0,0.005442176870748299,0.011409395973154362,0.019205298013245033,0.037359900373599,0.11896243291592129,0.08571428571428572,0.11879194630872483,0.16622516556291392,0.28829389788293897,0.21198568872987478,0.9365079365079365,0.903954802259887,0.8844621513944223,0.8704103671706264,0.43881856540084385,,
2496.0,0.0,0.0,0.0,0.0009442870632672333,0.12084152289437286,0.8904665314401623,0.9885343968095713,1.0,1.0,0.8775569629467861,1.0,1.0,1.0,0.9992292870905588,0.8622978017420158,1.0,
2499.0,0.0016090104585679806,0.002792181890706023,0.008092485549132947,0.013363028953229399,0.03668208856576338,0.10337892196299275,0.13482249700837654,0.17302504816955683,0.19821826280623608,0.25016523463317913,0.9844357976653697,0.9792899408284024,0.953229398663697,0.9325842696629214,0.8533685601056803,,
2509.0,0.0007689350249903883,0.0011389521640091116,0.005584512285927029,0.011055634807417974,0.03071971913399649,0.04498269896193772,0.06757782839787396,0.1768428890543559,0.22574893009985736,0.32796957284961964,0.9829059829059829,0.9831460674157303,0.968421052631579,0.9510268562401264,0.9063336306868867,,
2510.0,0.005649717514124294,0.0480225988700565,0.07627118644067797,0.22598870056497175,0.22598870056497175,0.07062146892655367,0.5847457627118644,0.7288135593220338,0.768361581920904,0.768361581920904,0.92,0.9178743961352657,0.8953488372093024,0.7058823529411764,0.7058823529411764,,
2518.0,0.005880191106210952,0.011606819006166122,0.022095509622238062,0.03412616339193381,0.09076583674755752,0.0,0.0,0.0,0.0,,,,,,,,
2528.0,0.1935483870967742,0.22580645161290322,0.3225806451612903,0.5806451612903226,0.5806451612903226,0.0,0.0,0.0,0.0,,,,,,,,
2545.0,0.0,0.0072992700729927005,0.072992700729927,0.1897810218978102,0.1897810218978102,0.0,0.0,0.0,0.0,,,,,,,,
2546.0,0.0,0.0,0.0,0.0036496350364963502,0.0036496350364963502,0.0,0.0,0.0,0.0,,,,,,,,
2547.0,0.04,0.04,0.04,0.08,0.6,0.0,0.0,0.0,0.0,,,,,,,,
2549.0,0.0,0.0009454774661203908,0.0015192950470981465,0.007763082231167337,0.007763082231167337,0.02410025706940874,0.041916167664670656,0.05104831358249772,0.05980448533640023,0.05980448533640023,1.0,0.9774436090225564,0.9702380952380952,0.8701923076923077,0.8701923076923077,,
2551.0,0.013076168682576005,0.021850899742930592,0.03879577901924271,0.059075342465753425,0.20380212591986918,0.0,0.0,0.0,0.0,0.06909239574816026,,,,,-1.9497041420118344,,
2552.0,0.0,0.0,0.0,0.0,0.024886877828054297,0.0,0.0,0.0,0.0,0.019230769230769232,,,,,-0.2941176470588236,,
2555.0,0.0006393861892583121,0.00425273390036452,0.16279069767441862,0.16279069767441862,0.16279069767441862,0.00319693094629156,0.020048602673147023,0.016683518705763397,0.016683518705763397,0.016683518705763397,0.8,0.7878787878787878,-8.757575757575758,-8.757575757575758,-8.757575757575758,,
2558.0,0.0012322858903265558,0.0017595307917888563,0.007976071784646061,0.01383399209486166,0.01383399209486166,0.009242144177449169,0.008797653958944282,0.007477567298105683,0.007411067193675889,0.007411067193675889,0.8666666666666667,0.8,-0.06666666666666665,-0.8666666666666667,-0.8666666666666667,,
2559.0,0.004217185028993147,0.011016524787180772,0.02187966185977126,0.02187966185977126,0.02187966185977126,0.0,0.0,0.0,0.0,,,,,,,,
2564.0,0.004053632678515747,0.007029339853300734,0.012735166425470333,0.027326839826839828,0.11524518221713413,0.060180854381041475,0.08893643031784841,0.17250361794500724,0.2372835497835498,0.5096355657317306,0.9326424870466321,0.9209621993127148,0.9261744966442953,0.8848346636259977,0.7738674653687757,,
2567.0,0.027777777777777776,0.034722222222222224,0.2986111111111111,0.5763888888888888,0.5763888888888888,0.0625,0.1597222222222222,0.6527777777777778,0.6666666666666666,0.6666666666666666,0.5555555555555556,0.782608695652174,0.5425531914893618,0.13541666666666663,0.13541666666666663,,
2579.0,0.0,0.0,0.0,0.01818181818181818,0.2727272727272727,0.0,0.0,0.0,0.0,,,,,,,,
2583.0,0.0,0.0,0.04132231404958678,0.15702479338842976,0.15702479338842976,0.0,0.0,0.0,0.0,,,,,,,,
2584.0,0.005780346820809248,0.011560693641618497,0.011560693641618497,0.03468208092485549,0.2254335260115607,0.0,0.0,0.0,0.0,,,,,,,,
2585.0,0.0,0.0,0.0,0.01662049861495845,0.01662049861495845,0.0,0.0,0.0,0.0,,,,,,,,
2586.0,0.0,0.0,0.0,0.0,,0.16666666666666666,0.16666666666666666,0.16666666666666666,0.16666666666666666,0.5,1.0,1.0,1.0,1.0,,,
2587.0,0.03773584905660377,0.4716981132075472,0.4716981132075472,0.4716981132075472,0.4716981132075472,0.0,0.0,0.0,0.0,,,,,,,,
2588.0,0.0,0.0,0.041666666666666664,0.4166666666666667,0.4583333333333333,0.0,0.0,0.0,0.0,0.08333333333333333,,,,,-4.5,,
2589.0,0.00024850894632206757,0.0009578544061302681,0.013990825688073395,0.018522416333403496,0.031012176560121764,0.05641153081510934,0.1010536398467433,0.1286697247706422,0.1599663228793938,0.1980593607305936,0.9955947136563876,0.990521327014218,0.8912655971479501,0.8842105263157894,0.8434197886647454,,
2598.0,0.0,0.0,0.0,0.0,0.48148148148148145,0.0,0.0,0.0,0.0,,,,,,,,
2602.0,0.0019059720457433292,0.0018438844499078057,0.0024154589371980675,0.0038146099561319857,0.010984182776801407,0.018000847098686996,0.03872157344806392,0.051932367149758456,0.06713713522792294,0.09329232571763328,0.8941176470588236,0.9523809523809523,0.9534883720930233,0.9431818181818182,0.8822605965463108,,
2606.0,0.0011753643629525152,0.001845444059976932,0.004822446295484437,0.00953540271860418,0.04905395935529082,0.0,0.0,0.0,0.03327246906066139,0.27224947442186404,,,,0.7134146341463414,0.8198198198198199,,
2609.0,0.0029585798816568047,0.012368421052631579,0.026329113924050632,0.048970901348474094,0.048970901348474094,0.0,0.0,0.0,0.0,,,,,,,,
2610.0,0.0,0.0,0.0,0.08108108108108109,0.16216216216216217,0.0,0.0,0.0,0.0,0.08108108108108109,,,,,-1.0,,
2623.0,0.024390243902439025,0.07317073170731707,0.7439024390243902,0.7804878048780488,0.7804878048780488,0.2926829268292683,0.5121951219512195,0.9024390243902439,0.9146341463414634,0.9146341463414634,0.9166666666666666,0.8571428571428572,0.17567567567567566,0.1466666666666666,0.1466666666666666,,
2628.0,0.0,0.0,0.12,0.4666666666666667,0.4666666666666667,0.0,0.0,0.0,0.0,,,,,,,,
2635.0,0.0,0.012903225806451613,0.01935483870967742,0.14838709677419354,0.14838709677419354,0.11612903225806452,0.16129032258064516,0.16774193548387098,0.16774193548387098,0.16774193548387098,1.0,0.92,0.8846153846153846,0.11538461538461542,0.11538461538461542,,
2647.0,0.0,0.0,0.14960629921259844,0.2283464566929134,0.2283464566929134,0.015748031496062992,0.015748031496062992,0.2677165354330709,0.2755905511811024,0.2755905511811024,1.0,1.0,0.4411764705882353,0.17142857142857137,0.17142857142857137,,
2655.0,0.045454545454545456,0.045454545454545456,0.045454545454545456,0.5454545454545454,0.5454545454545454,0.0,0.0,0.0,0.18181818181818182,0.18181818181818182,,,,-2.0,-2.0,,
2657.0,0.0,0.0,0.0,0.125,0.25,0.0,0.0,0.0,0.125,0.375,,,,0.0,0.33333333333333337,,
2658.0,0.0,0.0,0.00042946102641185313,0.0008074283407347598,0.002549626661810235,0.0,0.0,0.0,0.0016148566814695195,0.0071025314150427975,,,,0.5,0.641025641025641,,
2667.0,0.0007250317201377561,0.0025152712899748474,0.004085257548845471,0.010321489001692047,0.026123856252486408,0.08754758020663404,0.09522098454904779,0.11314387211367673,0.13282571912013535,0.159395305662379,0.9917184265010351,0.9735849056603774,0.9638932496075353,0.9222929936305733,0.8361064891846922,,
2668.0,0.0,0.0,0.08823529411764706,0.4117647058823529,0.4117647058823529,0.0,0.0,0.0,0.0,,,,,,,,
2669.0,0.0,0.0,0.11764705882352941,0.4117647058823529,0.4117647058823529,0.0,0.0,0.0,0.0,,,,,,,,
2678.0,0.02564102564102564,0.02564102564102564,0.02564102564102564,0.02564102564102564,0.2564102564102564,0.07692307692307693,0.07692307692307693,0.1282051282051282,0.15384615384615385,0.2564102564102564,0.6666666666666667,0.6666666666666667,0.8,0.8333333333333334,0.0,,
2689.0,0.0,0.0,0.0,0.043478260869565216,0.43478260869565216,0.8695652173913043,0.9130434782608695,0.9130434782608695,0.9130434782608695,0.9130434782608695,1.0,1.0,1.0,0.9523809523809523,0.5238095238095238,,
2695.0,0.008695652173913044,0.008695652173913044,0.034782608695652174,0.6347826086956522,0.6347826086956522,0.0,0.034782608695652174,0.3217391304347826,0.7304347826086957,0.7304347826086957,,0.75,0.8918918918918919,0.13095238095238093,0.13095238095238093,,
2709.0,0.0,0.0,0.0,0.0,0.9090909090909091,1.0,1.0,1.0,1.0,1.0,1.0,1.0,1.0,1.0,0.375,1.0,
2711.0,0.0,0.0,0.0,0.0,0.002291365171249397,0.00018907165815844205,0.0001869508319312021,0.0003713330857779428,0.0005475451724767294,0.003979739507959479,1.0,1.0,1.0,1.0,0.4242424242424242,,
2719.0,0.0,0.008928571428571428,0.7053571428571429,0.7053571428571429,0.7053571428571429,0.07142857142857142,0.25,0.7857142857142857,0.7857142857142857,0.7857142857142857,1.0,0.9642857142857143,0.10227272727272729,0.10227272727272729,0.10227272727272729,,
2732.0,0.0,0.0,0.004188672372973957,0.009923799397483607,0.042036865137249704,0.04443621551564525,0.0638847858197932,0.0877800036423238,0.12333864965443912,0.18989523935817532,1.0,1.0,0.9522821576763485,0.9195402298850575,0.7786312849162011,,
2737.0,0.004201680672268907,0.004201680672268907,0.008403361344537815,0.08403361344537816,0.13025210084033614,0.03361344537815126,0.046218487394957986,0.09243697478991597,0.13025210084033614,0.13865546218487396,0.875,0.9090909090909091,0.9090909090909091,0.3548387096774194,0.06060606060606055,,
2742.0,0.00048192771084337347,0.001575795776867318,0.003026176426085641,0.007306590257879656,0.007306590257879656,0.00995983935742972,0.015285219035612984,0.020426690876078075,0.02679083094555874,0.02679083094555874,0.9516129032258065,0.8969072164948454,0.8518518518518519,0.7272727272727273,0.7272727272727273,,
2743.0,0.011111111111111112,0.022222222222222223,0.4,0.4666666666666667,0.4666666666666667,0.26666666666666666,0.4111111111111111,0.7666666666666667,0.7666666666666667,0.7666666666666667,0.9583333333333334,0.9459459459459459,0.4782608695652174,0.3913043478260869,0.3913043478260869,,
2748.0,0.0,0.0,0.0,0.00746147607461476,0.10339875538535184,0.006938267212239815,0.018489170628631802,0.13884555382215288,0.2373073803730738,0.3486117759693633,1.0,1.0,1.0,0.9685577580314423,0.7033985581874356,,
2749.0,0.0,0.0,0.0,0.0,0.03291048348492102,0.0032022771748799147,0.008452192287374538,0.0842433697347894,0.12327656123276562,0.17173288654858784,1.0,1.0,1.0,1.0,0.8083623693379791,,
2752.0,0.0,0.0,0.0,0.0017761989342806395,0.0019147917663954045,0.00035561877667140827,0.0005274261603375527,0.002230228169497341,0.0024220894558372357,0.0025131641933939684,1.0,1.0,1.0,0.2666666666666667,0.23809523809523814,,
2758.0,0.0006814310051107325,0.0007898894154818325,0.0012260365581810075,0.0027227183620126333,0.008424685343077548,0.017149346961953436,0.023809523809523808,0.036558181007579134,0.051731648878240034,0.0682095006090134,0.9602649006622517,0.966824644549763,0.9664634146341463,0.9473684210526316,0.8764880952380952,,
2759.0,0.005813953488372093,0.313953488372093,0.36046511627906974,0.36046511627906974,0.36046511627906974,0.040697674418604654,0.38953488372093026,0.38953488372093026,0.38953488372093026,0.38953488372093026,0.8571428571428572,0.19402985074626866,0.07462686567164178,0.07462686567164178,0.07462686567164178,,
2762.0,0.0005328596802841918,0.001402524544179523,0.0023939808481532147,0.00465863453815261,0.0064469914040114614,0.011545293072824156,0.017180925666199158,0.023255813953488372,0.029879518072289158,0.03567335243553008,0.9538461538461538,0.9183673469387755,0.8970588235294118,0.8440860215053764,0.8192771084337349,,
2764.0,0.0,0.0,1.0,1.0,1.0,0.3333333333333333,0.8888888888888888,1.0,1.0,1.0,1.0,1.0,0.0,0.09999999999999998,0.09999999999999998,1.0,
2766.0,0.0,0.0,0.009569377990430622,0.5406698564593302,0.5406698564593302,0.03349282296650718,0.05741626794258373,0.19617224880382775,0.5741626794258373,0.5741626794258373,1.0,1.0,0.9512195121951219,0.05833333333333335,0.05833333333333335,,
2770.0,0.0,0.0019011406844106464,0.07984790874524715,0.07984790874524715,0.07984790874524715,0.011406844106463879,0.022813688212927757,0.09505703422053231,0.09505703422053231,0.09505703422053231,1.0,0.9166666666666666,0.16000000000000003,0.16000000000000003,0.16000000000000003,,
2778.0,0.0,0.00980392156862745,0.19607843137254902,0.7647058823529411,0.7647058823529411,0.058823529411764705,0.39215686274509803,0.7941176470588235,0.8235294117647058,0.8235294117647058,1.0,0.975,0.7530864197530864,0.0714285714285714,0.0714285714285714,,
2779.0,0.1111111111111111,0.1111111111111111,0.1111111111111111,0.0,0.2222222222222222,0.5555555555555556,0.5555555555555556,0.7777777777777778,0.7777777777777778,1.0,0.8,0.8,0.8571428571428572,1.0,0.7777777777777778,,
2780.0,0.0032578595862518323,0.007842509603072983,0.012596006144393242,0.02492836676217765,0.09108683151236342,0.02687734158657762,0.05089628681177977,0.07649769585253456,0.1167621776504298,0.21897642323174238,0.8787878787878788,0.8459119496855346,0.8353413654618473,0.7865030674846626,0.5840336134453781,,
2783.0,0.0,0.001869158878504673,0.09158878504672897,0.09158878504672897,0.09158878504672897,0.014953271028037384,0.026168224299065422,0.09906542056074766,0.09906542056074766,0.09906542056074766,1.0,0.9285714285714286,0.07547169811320753,0.07547169811320753,0.07547169811320753,,
2791.0,0.0425531914893617,0.0425531914893617,0.6382978723404256,0.7021276595744681,0.7021276595744681,0.14893617021276595,0.19148936170212766,0.9361702127659575,0.9574468085106383,0.9574468085106383,0.7142857142857143,0.7777777777777778,0.31818181818181823,0.2666666666666667,0.2666666666666667,,
2799.0,0.0005351170568561873,0.0018430753027909425,0.002698881891787688,0.004794688959921318,0.02017413463580378,0.022073578595317726,0.03830963665086888,0.05063616501734995,0.06257683796410131,0.11021448290507539,0.9757575757575757,0.9518900343642611,0.9467005076142132,0.9233791748526523,0.8169556840077071,,
2803.0,0.005813953488372093,0.005813953488372093,0.005813953488372093,0.05813953488372093,0.6511627906976745,0.023255813953488372,0.029069767441860465,0.05813953488372093,0.313953488372093,0.6744186046511628,0.75,0.8,0.9,0.8148148148148149,0.03448275862068961,,
2820.0,0.0,0.0,0.009174311926605505,0.11926605504587157,0.11926605504587157,0.09785932721712538,0.09785932721712538,0.1162079510703364,0.12232415902140673,0.12232415902140673,1.0,1.0,0.9210526315789473,0.025000000000000022,0.025000000000000022,,
2822.0,0.01818181818181818,0.03636363636363636,0.6272727272727273,0.8181818181818182,0.8181818181818182,0.20909090909090908,0.41818181818181815,0.8090909090909091,0.9363636363636364,0.9363636363636364,0.9130434782608696,0.9130434782608696,0.2247191011235955,0.12621359223300976,0.12621359223300976,,
2824.0,0.0,0.0,0.0,0.059880239520958084,0.059880239520958084,0.023952095808383235,0.023952095808383235,0.023952095808383235,0.0718562874251497,0.0718562874251497,1.0,1.0,1.0,0.16666666666666663,0.16666666666666663,,
2825.0,0.0,0.0,0.0,0.029940119760479042,0.029940119760479042,0.011976047904191617,0.011976047904191617,0.011976047904191617,0.041916167664670656,0.041916167664670656,1.0,1.0,1.0,0.2857142857142857,0.2857142857142857,,
2826.0,0.00980392156862745,0.00980392156862745,0.00980392156862745,0.00980392156862745,0.12745098039215685,0.00980392156862745,0.00980392156862745,0.0196078431372549,0.049019607843137254,0.10784313725490197,0.0,0.0,0.5,0.8,-0.18181818181818188,,
2830.0,0.025,0.025,0.025,0.025,0.025,0.05,0.05,0.05,0.05,0.05,0.5,0.5,0.5,0.5,0.5,,
2831.0,0.00015360983102918587,0.00015360983102918587,0.00015360983102918587,0.00015360983102918587,0.00015360983102918587,0.001228878648233487,0.001228878648233487,0.001228878648233487,0.001228878648233487,0.001228878648233487,0.875,0.875,0.875,0.875,0.875,,
2832.0,0.0,0.0,0.391304347826087,0.7391304347826086,0.7391304347826086,0.30434782608695654,0.43478260869565216,0.9130434782608695,1.0,1.0,1.0,1.0,0.5714285714285714,0.26086956521739135,0.26086956521739135,,
2834.0,0.0,0.825,0.825,0.825,0.825,0.025,0.95,0.95,0.95,0.95,1.0,0.13157894736842102,0.13157894736842102,0.13157894736842102,0.13157894736842102,,
2840.0,0.00220349967595593,0.004230769230769231,0.007630723042281711,0.015401146131805158,0.046018094493465875,0.03473752430330525,0.05423076923076923,0.0931948961721291,0.1355062082139446,0.21244275661789344,0.9365671641791045,0.9219858156028369,0.9181208053691275,0.8863436123348017,0.7833859095688749,,
2850.0,0.0,0.03614457831325301,0.14457831325301204,0.891566265060241,0.891566265060241,0.43373493975903615,0.6024096385542169,0.8795180722891566,1.0,1.0,1.0,0.94,0.8356164383561644,0.11904761904761907,0.11904761904761907,1.0,
2860.0,0.0007550018875047187,0.0021149539686489177,0.004124711876743904,0.0064799814857671835,0.013162335470806615,0.014722536806342015,0.02425976611097288,0.03178454446196773,0.045244156445267296,0.060411744853189335,0.9487179487179487,0.9128205128205128,0.8702290076335878,0.8567774936061381,0.782122905027933,,
2863.0,0.0,0.0001073998496402105,0.0004267121826328142,0.0007390983000739098,0.0029005801160232048,0.009421702404158544,0.014498979701428417,0.020588862812033284,0.027980149931369443,0.04120824164832967,1.0,0.9925925925925926,0.9792746113989638,0.9735849056603774,0.9296116504854369,,
2888.0,0.00025703637064644646,0.00025383931971062316,0.0006198859409868585,0.0007103113531431277,0.004642712959224869,0.0024418455211412415,0.004822947074501841,0.0078105628564344165,0.010654670297146916,0.02230520791279774,0.8947368421052632,0.9473684210526316,0.9206349206349207,0.9333333333333333,0.7918552036199095,,
2892.0,0.011494252873563218,0.04597701149425287,0.10344827586206896,0.7816091954022989,0.7816091954022989,0.26436781609195403,0.3793103448275862,0.5287356321839081,0.8735632183908046,0.8735632183908046,0.9565217391304348,0.8787878787878788,0.8043478260869565,0.10526315789473684,0.10526315789473684,,
2895.0,0.0003846153846153846,0.0011390963169219087,0.0019792182088075212,0.0031824611032531826,0.010799865001687479,0.011282051282051283,0.017719276041007467,0.032285997031172686,0.04384724186704385,0.06119923500956238,0.9659090909090909,0.9357142857142857,0.9386973180076629,0.9274193548387096,0.8235294117647058,,
2914.0,0.07692307692307693,0.15384615384615385,0.15384615384615385,0.23076923076923078,1.0,1.0,1.0,1.0,1.0,1.0,0.9411764705882353,0.8823529411764706,0.8823529411764706,0.8235294117647058,0.23529411764705888,1.0,
2915.0,0.0851063829787234,0.19148936170212766,0.851063829787234,0.851063829787234,0.851063829787234,0.2765957446808511,0.425531914893617,0.8936170212765957,0.8936170212765957,0.8936170212765957,0.6923076923076923,0.55,0.04761904761904767,0.04761904761904767,0.04761904761904767,,
2917.0,0.0,0.0,0.00010995052226498076,0.00042776173671265103,0.003161742910779567,0.00925100312082033,0.015522785231178622,0.023859263331500825,0.032616832424339645,0.04317755162533347,1.0,1.0,0.9953917050691244,0.9868852459016394,0.9267734553775744,,
2935.0,0.0011669973159061733,0.0014975233268056676,0.0023885350318471337,0.002921020110099989,0.002921020110099989,0.00968607772202124,0.012440963022693237,0.016492265696087353,0.020784181552634534,0.020784181552634534,0.8795180722891567,0.8796296296296297,0.8551724137931034,0.8594594594594595,0.8594594594594595,,
2947.0,0.005991541353383458,0.012533364279911802,0.019865281424820184,0.0360008916629514,0.04631065809882561,0.12887687969924813,0.15481025879076243,0.1818700764927503,0.21756576014266607,0.22756481276312873,0.9535095715587967,0.9190404797601199,0.8907721280602636,0.8345286885245902,0.7964946445959105,,
2954.0,0.0,0.0,0.0,0.0,0.0007075710098049126,0.0039677908740809896,0.00599009330722267,0.007279344858962694,0.010008896797153026,0.021732538158293742,1.0,1.0,1.0,1.0,0.9674418604651163,,
2958.0,0.0005694112287894318,0.0006795016987542468,0.001563721657544957,0.003403601229688186,0.01108715737603942,0.01526022093155677,0.02287655719139298,0.033620015637216574,0.047211242863416776,0.059542141463915406,0.9626865671641791,0.9702970297029703,0.9534883720930233,0.9279069767441861,0.8137931034482758,,
2959.0,0.00011261261261261261,0.00011188185276348176,0.0009971194327498339,0.004940393083449683,0.019260165087129317,0.02027027027027027,0.029536809129559187,0.04874806115665854,0.06508430888196756,0.08315499847141547,0.9944444444444445,0.9962121212121212,0.9795454545454545,0.9240924092409241,0.7683823529411764,,
2969.0,0.0005489478499542544,0.0009728809436945154,0.0013891405447846832,0.002797452532587346,0.01104561627104243,0.015065568770966759,0.02268028699987839,0.03400374463972942,0.059044104517588236,0.09447188147204079,0.9635627530364372,0.9571045576407506,0.9591474245115453,0.9526209677419355,0.883080382237212,,
2974.0,0.0,0.0,0.0,0.0,0.65,0.6,0.65,0.7,0.95,1.0,1.0,1.0,1.0,1.0,0.4347826086956522,1.0,
2975.0,0.0008437038599451593,0.0015718327569946558,0.0019541293839349994,0.0052261306532663315,0.02612011439466158,0.017823244041341488,0.028502567326836425,0.04833899002365525,0.0714572864321608,0.11277407054337464,0.9526627218934911,0.9448529411764706,0.9595744680851064,0.9268635724331927,0.768385460693153,,
2984.0,0.0,0.0011003521126760564,0.002044109736417429,0.004886339494370087,0.0169817042353179,0.021033986493966567,0.03301056338028169,0.05712748789671867,0.07499468876141917,0.09592641261498029,1.0,0.9666666666666667,0.9642184557438794,0.9348441926345609,0.8229715489989462,,
3007.0,0.0,0.0,0.04,0.08,0.44,0.16,0.2,0.52,0.88,1.0,1.0,1.0,0.9230769230769231,0.9090909090909091,0.5769230769230769,1.0,
3015.0,0.07692307692307693,0.34615384615384615,0.34615384615384615,0.34615384615384615,0.34615384615384615,0.9615384615384616,0.9615384615384616,0.9615384615384616,0.9615384615384616,0.9615384615384616,0.92,0.64,0.64,0.64,0.64,,
3023.0,0.005168472318854984,0.005168472318854984,0.005168472318854984,0.005168472318854984,0.005168472318854984,0.05794652619023954,0.05794652619023954,0.05794652619023954,0.05794652619023954,0.05794652619023954,0.9108061749571184,0.9108061749571184,0.9108061749571184,0.9108061749571184,0.9108061749571184,,
3043.0,0.002403846153846154,0.0037267080745341614,0.0064200550290431065,0.009760956175298804,0.019851116625310174,0.07326505016722408,0.09316770186335403,0.11627432997044737,0.13177290836653385,0.14824005146585792,0.9671897289586305,0.96,0.9447852760736196,0.9259259259259259,0.866088034717917,,
3046.0,0.0005321979776476849,0.0009554140127388535,0.0009497678345293373,0.002872384078785392,0.00891041162227603,0.0126663118680149,0.02367303609341826,0.03260869565217391,0.047086581862946245,0.07283292978208232,0.957983193277311,0.9596412556053812,0.970873786407767,0.9389978213507625,0.8776595744680851,,
3064.0,0.00021015025743406537,0.00031259768677711783,0.000718096019696348,0.0010023053021950487,0.0033320266562132496,0.005779132079436798,0.008127539856205065,0.014361920393926959,0.02144933346697404,0.024990199921599374,0.9636363636363636,0.9615384615384616,0.95,0.9532710280373832,0.8666666666666667,,
3065.0,0.00020468734008801556,0.001116524563540398,0.0018090452261306533,0.003913128546272745,0.014124815361890693,0.01381639545594105,0.021112464474218433,0.028442211055276383,0.04588143220504794,0.07117799113737075,0.9851851851851852,0.9471153846153846,0.9363957597173145,0.9147121535181236,0.8015564202334631,,
3066.0,0.0011153924153315758,0.0013102197137673855,0.002290836653386454,0.004169090556525112,0.01818685376661743,0.008923139322652606,0.014412416851441241,0.024701195219123506,0.03965483808415746,0.06397710487444609,0.875,0.9090909090909091,0.907258064516129,0.8948655256723717,0.7157287157287158,,
3077.0,0.0,0.0625,0.0625,0.0625,0.9375,0.8125,1.0,1.0,1.0,1.0,1.0,0.9411764705882353,0.9523809523809523,0.9545454545454546,0.31818181818181823,1.0,
3080.0,0.0012609015446043922,0.002083984578514119,0.003282724661469019,0.004410143329658214,0.010584084672677381,0.01019228748555217,0.015317286652078774,0.022363561756257692,0.03397814974441215,0.04155233241865935,0.8762886597938144,0.8639455782312925,0.8532110091743119,0.8702064896755162,0.7452830188679245,,
3081.0,0.006756756756756757,0.006756756756756757,0.02702702702702703,0.04054054054054054,0.21621621621621623,0.0945945945945946,0.13513513513513514,0.22297297297297297,0.25,0.2635135135135135,0.9285714285714286,0.95,0.8787878787878788,0.8378378378378378,0.17948717948717952,,
3084.0,0.0015284677111196026,0.002647754137115839,0.0053067684573131,0.009773755656108597,0.03644803576033697,0.027416889568207873,0.04274231678486998,0.06647425751792198,0.10425339366515837,0.15137969569328635,0.9442508710801394,0.9380530973451328,0.9201680672268908,0.90625,0.7592277115275412,,
3085.0,0.0,0.0,0.04744525547445255,0.08029197080291971,0.08029197080291971,0.025547445255474453,0.040145985401459854,0.145985401459854,0.17518248175182483,0.17518248175182483,1.0,1.0,0.675,0.5416666666666667,0.5416666666666667,,
3090.0,0.0006304507723021961,0.004584766072731062,0.005825444710288151,0.005825444710288151,0.005825444710288151,0.07670484396343386,0.09169532145462124,0.09299906376781442,0.09299906376781442,0.09299906376781442,0.9917808219178083,0.95,0.9373601789709172,0.9373601789709172,0.9373601789709172,,
3102.0,0.25,0.3333333333333333,0.75,0.75,0.75,0.25,0.3333333333333333,0.75,0.75,0.75,0.0,0.0,0.0,0.0,0.0,,
3106.0,0.006944444444444444,0.013888888888888888,0.05555555555555555,0.2013888888888889,0.2013888888888889,0.013888888888888888,0.034722222222222224,0.125,0.2152777777777778,0.2152777777777778,0.5,0.6,0.5555555555555556,0.06451612903225812,0.06451612903225812,,
3108.0,0.0009232663110381617,0.0022369089984748346,0.0037234577840394487,0.005390043120344963,0.026938775510204082,0.01600328272466147,0.031011692933401117,0.04558719935594244,0.0704625637005096,0.12099773242630385,0.9423076923076923,0.9278688524590164,0.9183222958057395,0.9235048678720446,0.7773613193403298,,
3112.0,0.0,0.0,9.800078400627205e-05,0.0008618213157138753,0.0009552923194497516,0.00781798135712138,0.010734519431468045,0.014896119168953352,0.02298190175237001,0.02311807413068399,1.0,1.0,0.993421052631579,0.9625,0.9586776859504132,,
3116.0,0.0,0.0,0.0,0.1132596685082873,0.1132596685082873,0.0,0.0,0.0,0.0,,,,,,,,
3118.0,0.0,0.0,0.0,0.15873015873015872,0.8095238095238095,0.047619047619047616,0.09523809523809523,0.36507936507936506,0.6666666666666666,0.8888888888888888,1.0,1.0,1.0,0.7619047619047619,0.0892857142857143,,
3125.0,0.0,0.0,0.0,0.010282776349614395,0.12082262210796915,0.04113110539845758,0.05141388174807198,0.056555269922879174,0.13110539845758354,0.13624678663239073,1.0,1.0,1.0,0.9215686274509804,0.1132075471698113,,
3126.0,0.0006041079339508659,0.0023053021950486118,0.00749211356466877,0.009127594158339738,0.008637148831711974,0.001409585179218687,0.004109451738999699,0.00877365930599369,0.010184473481936972,0.009728157105191381,0.5714285714285714,0.4390243902439024,0.1460674157303371,0.10377358490566035,0.11214953271028039,,
3132.0,0.008547008547008548,0.008547008547008548,0.4444444444444444,0.5299145299145299,0.6153846153846154,0.1282051282051282,0.23931623931623933,0.5213675213675214,0.6752136752136753,0.6837606837606838,0.9333333333333333,0.9642857142857143,0.14754098360655743,0.21518987341772156,0.09999999999999998,,
3135.0,0.0,0.0,0.0,0.0,0.07407407407407407,0.0,0.037037037037037035,0.07407407407407407,0.5555555555555556,0.7777777777777778,,1.0,1.0,1.0,0.9047619047619048,,
3141.0,0.0375,0.0375,0.0375,0.0375,1.0,0.1625,0.35,0.475,0.8125,1.0,0.7692307692307692,0.8928571428571429,0.9210526315789473,0.9538461538461538,-0.04878048780487809,1.0,1.0
3149.0,0.0,0.05405405405405406,0.5945945945945946,1.0,1.0,0.4864864864864865,0.6216216216216216,0.8378378378378378,0.8378378378378378,0.8378378378378378,1.0,0.9130434782608696,0.29032258064516125,-0.7096774193548387,-0.7096774193548387,,1.0
3152.0,0.0,0.0,0.0,0.0,,0.00029024767801857584,0.0003837298541826554,0.0003782505910165485,0.0005514199062586159,0.0010538333186967594,1.0,1.0,1.0,1.0,,,
3154.0,0.0,0.0,0.0,0.0003667369579169341,0.00043817369205152924,0.00019284543438434094,0.00028765941125707164,0.000756000756000756,0.0010085266342715687,0.001226886337744282,1.0,1.0,1.0,0.6363636363636364,0.6428571428571428,,
3161.0,0.008298755186721992,0.008298755186721992,0.008298755186721992,0.04149377593360996,0.04149377593360996,0.004149377593360996,0.008298755186721992,0.03734439834024896,0.04149377593360996,0.04149377593360996,-1.0,0.0,0.7777777777777778,0.0,0.0,,
3163.0,0.0006517084070384508,0.001752444198487364,0.0036366942449313575,0.01025320970042796,0.01025320970042796,0.04599199329671353,0.05718502121379819,0.0690062732975725,0.08157988587731811,0.08157988587731811,0.9858299595141701,0.9693548387096774,0.9472990777338604,0.8743169398907104,0.8743169398907104,,
3170.0,0.0,0.0,0.0,0.2,0.4,0.6,0.8,0.8,1.0,1.0,1.0,1.0,1.0,0.8,0.6666666666666667,1.0,
3175.0,0.0008653014133256418,0.0012962073931829094,0.0019646365422396855,0.004227626828804864,0.0179657490396927,0.017402172867993462,0.026692270763322132,0.04211989074704107,0.07096712901387042,0.09583066581306018,0.9502762430939227,0.9514388489208633,0.9533560864618885,0.9404283801874164,0.8125260960334029,,
3184.0,0.0,0.008403361344537815,0.012605042016806723,0.18067226890756302,0.20588235294117646,0.004201680672268907,0.058823529411764705,0.1092436974789916,0.20588235294117646,0.21428571428571427,1.0,0.8571428571428572,0.8846153846153846,0.12244897959183676,0.039215686274509776,,
3188.0,0.0,0.0,0.0,0.006734006734006734,0.05387205387205387,0.016835016835016835,0.016835016835016835,0.026936026936026935,0.04377104377104377,0.06060606060606061,1.0,1.0,1.0,0.8461538461538461,0.11111111111111116,,
3190.0,0.0,0.013888888888888888,0.13194444444444445,0.1875,0.1875,0.034722222222222224,0.0625,0.1527777777777778,0.2013888888888889,0.2013888888888889,1.0,0.7777777777777778,0.13636363636363635,0.06896551724137934,0.06896551724137934,,
3191.0,0.0,0.0,0.11805555555555555,0.1875,0.1875,0.027777777777777776,0.041666666666666664,0.14583333333333334,0.19444444444444445,0.19444444444444445,1.0,1.0,0.19047619047619047,0.0357142857142857,0.0357142857142857,,
3193.0,9.082652134423252e-05,9.028530155290719e-05,8.91583452211127e-05,0.0006100217864923747,0.002354920100925147,0.00027247956403269756,0.0007222824124232575,0.0010699001426533524,0.0036601307189542483,0.004457527333894029,0.6666666666666667,0.875,0.9166666666666666,0.8333333333333334,0.4716981132075472,,
3194.0,0.0,0.0,0.0,0.07692307692307693,1.0,1.0,1.0,1.0,1.0,1.0,1.0,1.0,1.0,0.9473684210526316,0.3157894736842105,1.0,
3198.0,0.0006605504587155963,0.0010919414719371041,0.0026584279350481393,0.005637135500034797,0.02211603259204803,0.022972477064220183,0.038363543714056925,0.07206495186089955,0.09673602895121441,0.17227225387490044,0.9712460063897763,0.9715370018975332,0.963110667996012,0.9417266187050359,0.8716216216216216,,
3199.0,0.0007887126456927526,0.0014823857690966166,0.0024234031504240957,0.008641664569175266,0.01226168815758247,0.006835509596003856,0.009504708754795954,0.013848018002423404,0.019884218474704254,0.02452337631516494,0.8846153846153846,0.8440366972477065,0.825,0.5654008438818565,0.5,,
3209.0,0.0,0.0,0.0,0.003607685208490645,0.018098159509202454,0.06739111383752519,0.09827345657481688,0.1644452137787779,0.22543837570265962,0.2960122699386503,1.0,1.0,1.0,0.983997022701898,0.938860103626943,,
3211.0,0.0,0.0006357856494096276,0.0009913482335976928,0.0009913482335976928,0.0009913482335976928,0.0016457895218067113,0.0023614895549500456,0.002343186733958183,0.002343186733958183,0.002343186733958183,1.0,0.7307692307692308,0.5769230769230769,0.5769230769230769,0.5769230769230769,,
3219.0,0.0,0.009433962264150943,0.04716981132075472,0.5943396226415094,0.5943396226415094,0.19811320754716982,0.3018867924528302,0.46226415094339623,0.6132075471698113,0.6132075471698113,1.0,0.96875,0.8979591836734694,0.03076923076923077,0.03076923076923077,,
3232.0,0.0,0.0,0.0,0.0949367088607595,0.27848101265822783,0.03164556962025317,0.1962025316455696,0.21518987341772153,0.2848101265822785,0.2911392405063291,1.0,1.0,1.0,0.6666666666666667,0.04347826086956519,,
3235.0,0.0,0.00017895490336435218,0.0013191451939143434,0.006958942240779402,0.006958942240779402,0.0009006574799603711,0.00205798138869005,0.004924808723946883,0.008437717466945025,0.008437717466945025,1.0,0.9130434782608696,0.7321428571428572,0.17525773195876293,0.17525773195876293,,
3238.0,0.00017812611328820805,0.00017666283897182228,0.00034904013961605586,0.0016203308886235715,0.0016014834794335806,0.00017812611328820805,0.00017666283897182228,0.00017452006980802793,0.00017056114617090227,0.00016857720836142953,0.0,0.0,-1.0,-8.5,-8.5,,
3242.0,0.0,0.0,0.0,0.022727272727272728,0.022727272727272728,0.0,0.0,0.007575757575757576,0.03787878787878788,0.03787878787878788,,,1.0,0.4,0.4,,
3250.0,8.655011251514626e-05,8.576329331046312e-05,8.410428931875525e-05,0.0004991265285749938,0.002870734908136483,0.008914661589060065,0.01260720411663808,0.01900756938603869,0.030030779469262126,0.0344488188976378,0.9902912621359223,0.9931972789115646,0.995575221238938,0.9833795013850416,0.9166666666666666,,
3251.0,0.0,0.0,0.05555555555555555,0.19444444444444445,0.19444444444444445,0.0,0.0,0.0,0.0,,,,,,,,
3252.0,0.0,0.0,0.041666666666666664,0.18055555555555555,0.18055555555555555,0.0,0.0,0.0,0.0,,,,,,,,
3254.0,0.0,0.0,0.0,0.0,,0.09969788519637462,0.10876132930513595,0.1148036253776435,0.1148036253776435,0.1148036253776435,1.0,1.0,1.0,1.0,,,
3255.0,0.0,0.0,0.0,0.0,,0.10122699386503067,0.10429447852760736,0.11042944785276074,0.11042944785276074,0.11042944785276074,1.0,1.0,1.0,1.0,,,
3272.0,8.693384334521429e-05,0.00017310022503029253,0.0016894745734076701,0.004042105263157895,0.004042105263157895,0.0,0.0,0.0,0.0,,,,,,,,
3273.0,0.00017056114617090227,0.0039578947368421056,0.0039578947368421056,0.0039578947368421056,0.0039578947368421056,0.0016203308886235715,0.005726315789473684,0.005726315789473684,0.005726315789473684,0.005726315789473684,0.8947368421052632,0.3088235294117647,0.3088235294117647,0.3088235294117647,0.3088235294117647,,
3275.0,0.1746987951807229,0.21084337349397592,0.21084337349397592,0.21084337349397592,0.21084337349397592,0.17771084337349397,0.20783132530120482,0.20783132530120482,0.20783132530120482,0.20783132530120482,0.016949152542372836,-0.01449275362318847,-0.01449275362318847,-0.01449275362318847,-0.01449275362318847,,
3284.0,0.09090909090909091,0.0,0.7272727272727273,1.0,1.0,0.18181818181818182,0.6363636363636364,1.0,1.0,1.0,0.5,1.0,0.2727272727272727,0.0,0.0,,
3288.0,0.002564102564102564,0.004934616333580064,0.009055310817425355,0.014527650694277229,0.02230805612486205,0.002564102564102564,0.027304877045809688,0.056289769946157614,0.07657115338309656,0.08347784959798203,0.0,0.8192771084337349,0.8391304347826087,0.810272536687631,0.732766761095373,,
3289.0,0.0,8.447372867038352e-05,0.00016771488469601676,0.00041356492969396195,0.001527699606014312,0.002144082332761578,0.0028721067747930393,0.004276729559748427,0.0064516129032258064,0.008683766181555037,1.0,0.9705882352941176,0.9607843137254902,0.9358974358974359,0.8240740740740741,,
3294.0,0.00223502106077538,0.006276505513146734,0.011242553905528987,0.020545108110347113,0.03301848049281314,0.0,0.012213740458015267,0.04614481080627569,0.07679562588020876,0.08262833675564682,,0.48611111111111116,0.7563636363636363,0.732470334412082,0.6003976143141153,,
3296.0,0.0,0.0,0.0,0.2727272727272727,0.9090909090909091,0.0,0.0,0.0,0.0,,,,,,,,
3300.0,0.0,0.0,0.0,0.000154475940372287,0.0017033251869954826,0.02177056555269923,0.032819611914078096,0.04548320983761627,0.06433922916505755,0.07450196252684589,1.0,1.0,1.0,0.9975990396158463,0.9771371769383698,,
3316.0,0.0020330161828088153,0.0050255329496636135,0.01003290793803676,0.019524817689955305,0.0416282533153677,0.03301618280881516,0.05284915295452703,0.08235010835540572,0.11714890613973183,0.17502304801077936,0.9384236453201971,0.9049079754601227,0.878167641325536,0.8333333333333334,0.7621555915721232,,
3331.0,0.0,0.0,0.0,0.0,0.6,0.1,0.1,0.1,0.5,1.0,1.0,1.0,1.0,1.0,0.4545454545454546,1.0,
3337.0,0.0,0.004055845877856641,0.004055845877856641,0.004055845877856641,0.004055845877856641,0.0,0.0,0.0,0.0,,,,,,,,
3338.0,0.003096587165634471,0.0070417943535241575,0.019941572462847706,0.05305821665438467,0.10963633117076364,0.038872051653709314,0.0660494229640738,0.13095389305220373,0.1967575534266765,0.26260341646330576,0.9203389830508475,0.8933859822309971,0.8477206595538312,0.7303370786516854,0.5825022665457842,,
3341.0,0.027777777777777776,0.05555555555555555,0.3055555555555556,0.3055555555555556,0.3055555555555556,0.3055555555555556,0.3333333333333333,0.3333333333333333,0.3333333333333333,0.3333333333333333,0.9090909090909091,0.8333333333333334,0.08333333333333337,0.08333333333333337,0.08333333333333337,,
3342.0,0.0019044596095857801,0.003789373963843057,0.007082263211144836,0.01196008227317742,0.024459488971391132,0.022456752896365655,0.039709481329438696,0.06770954938127481,0.10108935781214291,0.12302540583824707,0.9151943462897526,0.904572564612326,0.8954022988505748,0.881688018085908,0.8011834319526627,,
3346.0,0.0,0.0,7.882084023015685e-05,0.0005402485143165856,0.0011371389583807142,0.0,0.0,0.0,0.0,,,,,,,,
3347.0,0.0,0.0,0.0,0.0,0.1891891891891892,0.10810810810810811,0.13513513513513514,0.16216216216216217,0.1891891891891892,0.32432432432432434,1.0,1.0,1.0,1.0,0.41666666666666663,,
3353.0,0.0002403846153846154,0.0007954183900731785,0.0029925972594109307,0.005934946816710343,0.02257434339049273,0.025961538461538463,0.03953229398663697,0.05843439911797133,0.08093109295514105,0.10433398451631574,0.9907407407407407,0.9798792756539235,0.9487870619946092,0.9266666666666666,0.7836338418862691,,
3354.0,0.0001819063788503517,0.0003627130939426913,0.0007209805335255948,0.0017214769084649174,0.010222952840850714,0.006973077855930148,0.011002297182928304,0.02132900745013218,0.03092722307966283,0.061491831912051785,0.9739130434782609,0.967032967032967,0.9661971830985916,0.944337811900192,0.8337510442773601,,
3357.0,0.075,0.275,0.275,0.275,0.275,0.275,0.275,0.275,0.275,0.275,0.7272727272727273,0.0,0.0,0.0,0.0,,
3358.0,0.004201680672268907,0.02100840336134454,0.10084033613445378,0.14705882352941177,0.15126050420168066,0.004201680672268907,0.004201680672268907,0.004201680672268907,0.004201680672268907,0.004201680672268907,0.0,-4.0,-23.0,-34.0,-35.0,,
3362.0,0.0007274762171236709,0.0011122233344455566,0.0015408320493066256,0.002299834197999679,0.010940714419300543,0.01566871852266368,0.02052052052052052,0.027679947171472596,0.03749264587901802,0.09126613054049,0.9535714285714285,0.94579945799458,0.9443339960238568,0.9386590584878745,0.8801229508196722,,
3364.0,0.0,0.0,0.0,0.0,0.0042047654007875595,0.011241551049448595,0.0165125961470609,0.025092097032042817,0.0333084593989553,0.03857705399452713,1.0,1.0,1.0,1.0,0.8910034602076125,,
3366.0,0.0011383849163998578,0.0025403994072401384,0.0046569819976367555,0.008547588358998711,0.01548421544417006,0.01536819637139808,0.022016794862747865,0.03266838117745187,0.04300929380639034,0.04898885403457252,0.9259259259259259,0.8846153846153846,0.8574468085106383,0.8012618296529969,0.6839237057220708,,
3370.0,0.0010982574315419535,0.0023254123973548433,0.0043608807549328,0.006881212205463266,0.01820500927643785,0.01698638160784888,0.029067654966935544,0.05947955390334572,0.07944672273580315,0.13276901669758812,0.9353448275862069,0.92,0.9266826923076923,0.9133858267716536,0.862882096069869,,
3377.0,0.0010040936124198656,0.002147239263803681,0.005276249340468832,0.008298755186721992,0.014681776067279596,0.01629721170927628,0.024309815950920244,0.04220999472375066,0.058091286307053944,0.06742213669731309,0.9383886255924171,0.9116719242902208,0.875,0.8571428571428572,0.7822410147991543,,
3383.0,0.05,0.05,0.05,0.05,0.15,0.05,0.05,0.05,0.05,0.25,0.0,0.0,0.0,0.0,0.4,,
3384.0,0.0,0.0003174099349309633,0.0013371086990718892,0.0041399781284174346,0.0041399781284174346,0.0,0.0,0.0,0.0,,,,,,,,
3385.0,0.0005980861244019139,0.0009606857818504287,0.001017367923842744,0.002893232658245713,0.002887120625308077,0.007550837320574163,0.011232633757020397,0.014170481796381078,0.021169995060334484,0.021195690444334905,0.9207920792079208,0.9144736842105263,0.9282051282051282,0.8633333333333333,0.8637873754152824,,
3386.0,6.173220569170936e-05,0.00012281994595922377,0.00036527456471447707,0.0010231718326813122,0.0043844265170115745,0.0032718069016605964,0.006018177352001965,0.009618896870814563,0.014143845922359314,0.020694493160294633,0.9811320754716981,0.9795918367346939,0.9620253164556962,0.9276595744680851,0.788135593220339,,
3387.0,0.012605042016806723,0.02100840336134454,0.14285714285714285,0.14285714285714285,0.14285714285714285,0.0,0.0,0.0,0.0,,,,,,,,
3412.0,0.003967019290603609,0.003967019290603609,0.003967019290603609,0.003967019290603609,0.003967019290603609,0.0,0.0,0.0,0.0,,,,,,,,
3414.0,0.047337278106508875,0.11834319526627218,0.3076923076923077,0.3905325443786982,0.5680473372781065,0.23076923076923078,0.4378698224852071,0.7514792899408284,0.8047337278106509,0.8224852071005917,0.7948717948717949,0.7297297297297297,0.5905511811023623,0.5147058823529411,0.3093525179856115,,
3420.0,0.0,0.0,0.008130081300813009,0.37398373983739835,0.4065040650406504,0.08943089430894309,0.15447154471544716,0.36585365853658536,0.4878048780487805,0.4878048780487805,1.0,1.0,0.9777777777777777,0.23333333333333328,0.16666666666666663,,
3421.0,0.009345794392523364,0.08224299065420561,0.12710280373831775,0.12710280373831775,0.12710280373831775,0.013084112149532711,0.08971962616822429,0.10654205607476636,0.10654205607476636,0.10654205607476636,0.2857142857142857,0.08333333333333337,-0.1929824561403508,-0.1929824561403508,-0.1929824561403508,,
3425.0,0.004514672686230248,0.004514672686230248,0.020316027088036117,0.08126410835214447,0.5124153498871332,0.0,0.0,0.0,0.0,,,,,,,,
3427.0,0.0,0.0,0.0,0.375,0.75,0.0,0.25,0.625,0.875,0.875,,1.0,1.0,0.5714285714285714,0.1428571428571429,,
3429.0,0.0,0.01805869074492099,0.08577878103837472,0.1986455981941309,0.49209932279909707,0.0,0.0,0.0,0.0,,,,,,,,
3435.0,0.009345794392523364,0.05046728971962617,0.11962616822429907,0.11962616822429907,0.11962616822429907,0.016822429906542057,0.07476635514018691,0.09532710280373832,0.09532710280373832,0.09532710280373832,0.4444444444444444,0.32499999999999996,-0.2549019607843137,-0.2549019607843137,-0.2549019607843137,,
3436.0,0.0,0.0,0.0,0.3508771929824561,0.3508771929824561,0.0,0.0,0.0,0.0,,,,,,,,
3438.0,0.0,0.0,7.266913741733885e-05,0.0002822666008044598,0.0008080263955289206,0.0,0.0,0.0,0.0,,,,,,,,
3439.0,0.00022687741057248733,0.0005242267655208567,0.0038165137614678897,0.004917682274962583,0.004816498202292924,0.0,0.0,0.0,0.0,,,,,,,,
3443.0,0.0,0.0,0.0,0.0,0.9565217391304348,0.0,0.0,0.0,0.0,,,,,,,,
3445.0,0.0035208788113513132,0.007053565193100077,0.013148836568910919,0.02226570406855138,0.046651895617922205,0.056545313710302095,0.08925204274041483,0.1134517417045298,0.1422306187166858,0.16598966026587889,0.937733499377335,0.9209702660406885,0.8841019417475728,0.8434535104364327,0.7189469781238413,,
3446.0,0.0012610340479192938,0.0025749878210035494,0.004122577985433558,0.006329540098309878,0.02084130019120459,0.017304189435336976,0.029020808685364326,0.04005771609179607,0.054003097434516194,0.07233906947100063,0.9271255060728745,0.9112709832134293,0.8970840480274442,0.8827930174563591,0.7118942731277533,,
3465.0,0.01875,0.01875,0.01875,0.025,0.09375,0.0,0.0,0.0,0.0,,,,,,,,
3466.0,0.0,0.13496932515337423,0.13496932515337423,0.13496932515337423,0.13496932515337423,0.0,0.0,0.0,0.0,,,,,,,,
3467.0,0.0,0.0,0.0005654109831083469,0.0005633406098162102,0.0005633406098162102,0.0006519377037305324,0.0008628127696289905,0.0014842038306594105,0.001549186676994578,0.001549186676994578,1.0,1.0,0.6190476190476191,0.6363636363636364,0.6363636363636364,,
3470.0,0.0,0.0033783783783783786,0.030405405405405407,0.15878378378378377,0.15878378378378377,0.0,0.0,0.0,0.0,,,,,,,,
3471.0,0.0,0.0,0.0005560575519566275,0.0008140560341903534,0.0020690115464192752,0.004766986837424404,0.006986098369910381,0.011816222979078335,0.0157384166610135,0.01768671160648735,1.0,1.0,0.9529411764705882,0.9482758620689655,0.8830188679245283,,
3477.0,0.0,0.0,0.0,0.0,0.012143396664923596,0.006820238012387779,0.012940280949415265,0.02461706783369803,0.053851807309414045,0.1371797106501656,1.0,1.0,1.0,1.0,0.9114781872088098,,
3478.0,0.345679012345679,0.4444444444444444,0.4444444444444444,0.4444444444444444,0.4444444444444444,0.0,0.0,0.0,0.0,,,,,,,,
3483.0,0.12149532710280374,0.12149532710280374,0.12149532710280374,0.12149532710280374,0.12149532710280374,0.0,0.0,0.0,0.0,,,,,,,,
3484.0,0.11775700934579439,0.11775700934579439,0.11775700934579439,0.11775700934579439,0.11775700934579439,0.0,0.0,0.0,0.0,,,,,,,,
3488.0,0.0,0.0,0.7,1.0,1.0,0.0,0.0,0.0,0.0,,,,,,,,1.0
3492.0,0.10076045627376426,0.10076045627376426,0.10076045627376426,0.10076045627376426,0.10076045627376426,0.0,0.0,0.0,0.0,,,,,,,,
3495.0,6.942997986530584e-05,0.00020652622883106156,0.0002720533224512004,0.0006770480704129993,0.0006770480704129993,0.00013885995973061168,0.0004130524576621231,0.0007481466367408012,0.001015572105619499,0.001015572105619499,0.5,0.5,0.6363636363636364,0.33333333333333337,0.33333333333333337,,
3496.0,0.11787072243346007,0.15779467680608364,0.1596958174904943,0.1596958174904943,0.1596958174904943,0.0,0.0,0.0,0.0,,,,,,,,
3497.0,0.0004158580537843083,0.0016506189821182944,0.004480955937266617,0.004477308188046944,0.004477308188046944,0.001455503188245079,0.002544704264099037,0.005227781926811053,0.00542704022793569,0.00542704022793569,0.7142857142857143,0.3513513513513513,0.1428571428571429,0.17500000000000004,0.17500000000000004,,
3501.0,0.0,0.0,0.013544018058690745,0.04740406320541761,0.5237020316027088,0.013544018058690745,0.02708803611738149,0.09255079006772009,0.2234762979683973,0.5395033860045146,1.0,1.0,0.8536585365853658,0.7878787878787878,0.029288702928870314,,
3504.0,0.00046189376443418013,0.000977685760294456,0.0029068110572812765,0.0063361493997332145,0.021594508975712776,0.019110854503464204,0.030710835058661144,0.05369051011684241,0.08437083148065808,0.1187961985216473,0.9758308157099698,0.9681647940074907,0.945859872611465,0.924901185770751,0.8182222222222222,,
3507.0,0.00020367981533030076,0.0006083547384074625,0.0015367141043629317,0.00292169848071679,0.0054195477480844705,0.0,0.0,0.004276074029531636,0.019477989871445268,0.025851865694885692,,,0.640625,0.85,0.7903614457831325,,
3509.0,0.0,6.747183051076176e-05,0.000533689126084056,0.0018064516129032257,0.009842397059739612,0.004338394793926247,0.0061399365764793195,0.013075383589059374,0.023935483870967743,0.027160032392699183,1.0,0.989010989010989,0.9591836734693877,0.9245283018867925,0.6376146788990826,,
3512.0,0.0,0.12195121951219512,0.24390243902439024,0.24390243902439024,0.24390243902439024,0.0,0.0,0.0,0.0,,,,,,,,
3516.0,0.0,0.0,0.05,0.05,0.5,0.05,0.1,0.1,0.1,0.75,1.0,1.0,0.5,0.5,0.33333333333333337,,
3517.0,6.20462865297512e-05,0.00024692882276683745,0.0004278728606356968,0.0010862349888359183,0.00630821837047518,0.01141651672147422,0.01561824804000247,0.02493887530562347,0.032647396053346205,0.04681051762763825,0.9945652173913043,0.9841897233201581,0.9828431372549019,0.966728280961183,0.8652392947103275,,
3521.0,0.0,0.0,0.0012958708841373622,0.003125180855373575,0.00883412108935404,0.029909204201531068,0.03834074074074074,0.05572244801790658,0.08223855547196018,0.10584064821066846,1.0,1.0,0.9767441860465116,0.9619985925404645,0.9165337586390218,,
3524.0,0.00047881254488867607,0.0009526077637532746,0.002730618544461593,0.006171025565677344,0.03882666130895575,0.011850610485994733,0.020302452964991665,0.045292651074439035,0.0651190126359095,0.14400522376814506,0.9595959595959596,0.9530791788856305,0.9397116644823067,0.9052346570397112,0.7303801883501919,,
3525.0,0.14285714285714285,0.14285714285714285,1.0,1.0,1.0,0.0,0.0,0.0,0.0,,,,,,,,
3526.0,0.0008253743662303974,0.0017018779342723004,0.0037766544651676253,0.01024496336996337,0.03316705582678837,0.017627638250206343,0.027816901408450705,0.043286270408459705,0.06261446886446886,0.10326894502228826,0.9531772575250836,0.9388185654008439,0.912751677852349,0.8363802559414991,0.6788283658787255,,
3529.0,0.0,0.0,0.0,0.0,0.75,0.08333333333333333,0.3333333333333333,0.3333333333333333,0.3333333333333333,1.0,1.0,1.0,1.0,1.0,0.25,,
3531.0,0.0,0.0,0.0,0.012422360248447204,0.012422360248447204,0.012422360248447204,0.018633540372670808,0.018633540372670808,0.024844720496894408,0.024844720496894408,1.0,1.0,1.0,0.5,0.5,,
3532.0,5.4591112566874116e-05,0.0003246928946371557,0.0005873558308415207,0.0015090805016391737,0.01246656476881926,0.005131564581286167,0.009957248768872775,0.018955574540794533,0.034136441692251655,0.06677493312953764,0.9893617021276596,0.967391304347826,0.9690140845070423,0.9557926829268293,0.8133047210300429,,
3533.0,0.0,0.01,0.01,0.06,0.56,0.0,0.01,0.06,0.1,0.92,,0.0,0.8333333333333334,0.4,0.3913043478260869,,
3536.0,0.0,0.007246376811594203,0.007246376811594203,0.16304347826086957,0.16304347826086957,0.13768115942028986,0.15579710144927536,0.17391304347826086,0.18478260869565216,0.18478260869565216,1.0,0.9534883720930233,0.9583333333333334,0.11764705882352944,0.11764705882352944,,
3539.0,0.0010435992578849721,0.0013856812933025404,0.0022923949796549944,0.003576218149307108,0.017669715936446798,0.07061688311688312,0.08856812933025404,0.11914722906756835,0.15003352704514974,0.23760231102551757,0.9852216748768473,0.984354628422425,0.9807599807599807,0.9761638733705773,0.9256332320162107,,
3540.0,0.0010611956137247967,0.001995305164319249,0.004531985358201151,0.009901556776556776,0.023666332553736496,0.023169437566324724,0.03515258215962441,0.05327987914705711,0.07182921245421245,0.08731484575119723,0.9541984732824428,0.9432387312186978,0.9149400218102508,0.8621513944223107,0.7289540816326531,,
3552.0,0.14285714285714285,0.14285714285714285,0.23809523809523808,0.23809523809523808,0.6666666666666666,0.42857142857142855,0.5238095238095238,0.7142857142857143,0.7142857142857143,0.8571428571428571,0.6666666666666667,0.7272727272727273,0.6666666666666667,0.6666666666666667,0.2222222222222222,,
3555.0,0.006756756756756757,0.006756756756756757,0.013513513513513514,0.04054054054054054,0.4527027027027027,0.22297297297297297,0.3108108108108108,0.3918918918918919,0.4864864864864865,0.527027027027027,0.9696969696969697,0.9782608695652174,0.9655172413793104,0.9166666666666666,0.14102564102564108,,
3556.0,0.0,0.0,0.0,0.0,0.7222222222222222,0.2222222222222222,0.3333333333333333,0.3333333333333333,0.3888888888888889,0.7222222222222222,1.0,1.0,1.0,1.0,0.0,,
3557.0,0.0,0.0,0.0,0.0,0.6666666666666666,0.05555555555555555,0.16666666666666666,0.16666666666666666,0.2777777777777778,0.6666666666666666,1.0,1.0,1.0,1.0,0.0,,
3558.0,0.0,0.05555555555555555,0.05555555555555555,0.05555555555555555,0.6666666666666666,0.05555555555555555,0.2222222222222222,0.2222222222222222,0.3333333333333333,0.6666666666666666,1.0,0.75,0.75,0.8333333333333334,0.0,,
3559.0,0.0,0.0,0.0,0.05555555555555555,0.6666666666666666,0.05555555555555555,0.16666666666666666,0.16666666666666666,0.2777777777777778,0.6666666666666666,1.0,1.0,1.0,0.8,0.0,,
3560.0,0.0,0.0,0.0,0.0,0.6666666666666666,0.05555555555555555,0.16666666666666666,0.16666666666666666,0.2222222222222222,0.6666666666666666,1.0,1.0,1.0,1.0,0.0,,
3564.0,0.0,0.0,0.0625,0.0625,0.875,0.0625,0.0625,0.125,0.375,1.0,1.0,1.0,0.5,0.8333333333333334,0.17647058823529416,1.0,
3565.0,0.0,0.0029069767441860465,0.0029069767441860465,0.0029069767441860465,0.05813953488372093,0.03197674418604651,0.040697674418604654,0.04941860465116279,0.05813953488372093,0.0755813953488372,1.0,0.9285714285714286,0.9411764705882353,0.95,0.23076923076923073,,
3574.0,0.018867924528301886,0.03773584905660377,0.07547169811320754,0.7924528301886793,0.7924528301886793,0.0,0.0,0.11320754716981132,0.8867924528301887,0.8867924528301887,,,0.33333333333333337,0.1063829787234043,0.1063829787234043,,
3578.0,0.0,0.0,0.46,0.76,0.76,0.0,0.0,0.62,0.9,0.9,,,0.25806451612903225,0.15555555555555556,0.15555555555555556,,
3581.0,0.015789473684210527,0.015789473684210527,0.015789473684210527,0.021052631578947368,0.8,0.28421052631578947,0.7736842105263158,0.9263157894736842,0.9578947368421052,1.0,0.9444444444444444,0.9795918367346939,0.9829545454545454,0.978021978021978,0.20833333333333337,1.0,
3582.0,0.0006658159019031237,0.0017642518469511523,0.0046402445681843,0.0046402445681843,0.0046402445681843,0.0013871164622981747,0.0029771749917300696,0.0056228845943880335,0.0056228845943880335,0.0056228845943880335,0.52,0.40740740740740744,0.1747572815533981,0.1747572815533981,0.1747572815533981,,
3583.0,0.0,0.0,0.14285714285714285,0.35714285714285715,0.35714285714285715,0.0,0.0,0.14285714285714285,0.6428571428571429,0.6428571428571429,,,0.0,0.4444444444444444,0.4444444444444444,,
3584.0,0.009708737864077669,0.009708737864077669,0.39805825242718446,0.39805825242718446,0.39805825242718446,0.0,0.1262135922330097,0.4077669902912621,0.4077669902912621,0.4077669902912621,,0.9230769230769231,0.023809523809523836,0.023809523809523836,0.023809523809523836,,
3585.0,0.017857142857142856,0.017857142857142856,0.03571428571428571,0.05357142857142857,0.17857142857142858,0.03571428571428571,0.03571428571428571,0.30357142857142855,0.7142857142857143,0.8928571428571429,0.5,0.5,0.8823529411764706,0.925,0.8,,
3586.0,0.00039049425415597455,0.0007220617640524328,0.0012066034113969177,0.0024005121092499733,0.014783422855171735,0.008646658484882294,0.014274605643190403,0.021609170185926615,0.03712792062306625,0.07209382545705416,0.9548387096774194,0.9494163424124513,0.9441624365482233,0.9353448275862069,0.7949419002050581,,
3592.0,0.0,0.002770083102493075,0.0110803324099723,0.013850415512465374,0.1883656509695291,0.07202216066481995,0.12742382271468145,0.19390581717451524,0.19390581717451524,0.20221606648199447,1.0,0.9782608695652174,0.9428571428571428,0.9285714285714286,0.06849315068493156,,
3594.0,0.022727272727272728,0.045454545454545456,0.5,0.5,0.5,0.18181818181818182,0.3409090909090909,0.5227272727272727,0.5227272727272727,0.5227272727272727,0.875,0.8666666666666667,0.04347826086956519,0.04347826086956519,0.04347826086956519,,
3596.0,0.0,0.006944444444444444,0.027777777777777776,0.3125,0.3125,0.0763888888888889,0.18055555555555555,0.2638888888888889,0.3680555555555556,0.3680555555555556,1.0,0.9615384615384616,0.8947368421052632,0.15094339622641506,0.15094339622641506,,
3597.0,0.0,0.0,0.027777777777777776,0.2986111111111111,0.2986111111111111,0.034722222222222224,0.10416666666666667,0.16666666666666666,0.3333333333333333,0.3333333333333333,1.0,1.0,0.8333333333333334,0.10416666666666663,0.10416666666666663,,
3598.0,0.0,0.0,0.0,0.0,0.43478260869565216,0.0,0.0,0.012422360248447204,0.2981366459627329,0.43478260869565216,,,1.0,1.0,0.0,,
3599.0,0.0001670564650851988,0.0006658159019031237,0.0014222416716809802,0.003088720843540313,0.031065748402120598,0.009188105579685933,0.014204072573933307,0.02527214047371588,0.04350836084780062,0.08675618094435912,0.9818181818181818,0.953125,0.9437229437229437,0.9290085679314566,0.6419189034837236,,
3602.0,0.0,0.0,0.0,0.0005883296785580575,0.0017223910840932118,0.0001119194180190263,0.0001668335001668335,0.000550297160466652,0.0016045354869765203,0.002786220871327254,1.0,1.0,1.0,0.6333333333333333,0.38181818181818183,,
3603.0,0.0,0.022727272727272728,0.4772727272727273,0.4772727272727273,0.4772727272727273,0.06818181818181818,0.20454545454545456,0.5,0.5,0.5,1.0,0.8888888888888888,0.045454545454545414,0.045454545454545414,0.045454545454545414,,
3611.0,0.0,0.0,0.0,0.00042716787697565144,0.006987356212567734,0.0012293249888243184,0.002056469542018675,0.002142621689924184,0.014256727894062366,0.07933263618214659,1.0,1.0,1.0,0.9700374531835206,0.9119233073696824,,
3613.0,0.18181818181818182,0.18181818181818182,0.2727272727272727,0.9090909090909091,0.9090909090909091,0.2727272727272727,0.36363636363636365,0.36363636363636365,1.0,1.0,0.33333333333333337,0.5,0.25,0.16666666666666663,0.16666666666666663,1.0,
3616.0,0.0,0.05825242718446602,0.3592233009708738,0.3592233009708738,0.3592233009708738,0.18446601941747573,0.2815533980582524,0.5048543689320388,0.5048543689320388,0.5048543689320388,1.0,0.7931034482758621,0.28846153846153844,0.28846153846153844,0.28846153846153844,,
3617.0,0.0,0.0,0.0,5.245488879563575e-05,0.0005436931593515224,0.0002197560707614548,0.00038153376573826786,0.00048236681316325437,0.0005770037767519933,0.001136812969553183,1.0,1.0,1.0,0.9090909090909091,0.5217391304347826,,
3618.0,0.0,0.0,0.003076923076923077,0.012307692307692308,0.14153846153846153,0.09538461538461539,0.15384615384615385,0.2,0.2276923076923077,0.28,1.0,1.0,0.9846153846153847,0.9459459459459459,0.4945054945054945,,
3620.0,0.0,0.0,0.037037037037037035,0.19753086419753085,0.41975308641975306,0.04938271604938271,0.06172839506172839,0.38271604938271603,0.4567901234567901,0.4567901234567901,1.0,1.0,0.9032258064516129,0.5675675675675675,0.08108108108108103,,
3632.0,0.0030303030303030303,0.006060606060606061,0.00909090909090909,0.26666666666666666,0.27575757575757576,0.051515151515151514,0.09090909090909091,0.1484848484848485,0.2878787878787879,0.2878787878787879,0.9411764705882353,0.9333333333333333,0.9387755102040817,0.0736842105263158,0.04210526315789476,,
3633.0,0.043478260869565216,0.1956521739130435,0.45652173913043476,0.45652173913043476,0.45652173913043476,0.21739130434782608,0.391304347826087,0.45652173913043476,0.45652173913043476,0.45652173913043476,0.8,0.5,0.0,0.0,0.0,,
3634.0,0.00042559228259327563,0.0005176470588235294,0.0007891194355475096,0.0016385980883022303,0.00621325991517226,0.006194732113302123,0.010023529411764705,0.016757183307803,0.025807919890760127,0.04338120395862787,0.9312977099236641,0.9483568075117371,0.9529085872576177,0.9365079365079365,0.8567753001715266,,
3636.0,0.0,0.0,0.0,0.0,0.6666666666666666,0.09523809523809523,0.09523809523809523,0.23809523809523808,0.40476190476190477,0.7380952380952381,1.0,1.0,1.0,1.0,0.09677419354838712,,
3638.0,0.00016258400173422936,0.0003757783981103715,0.0005317734645041213,0.0008267452074613755,0.007982518729932216,0.00401040537611099,0.0052608975735452005,0.008189311353363466,0.012607864413785976,0.03937745272921869,0.9594594594594594,0.9285714285714286,0.935064935064935,0.9344262295081968,0.797281993204983,,
3640.0,0.007575757575757576,0.007575757575757576,0.007575757575757576,0.007575757575757576,0.15151515151515152,0.007575757575757576,0.03787878787878788,0.05303030303030303,0.14393939393939395,0.22727272727272727,0.0,0.8,0.8571428571428572,0.9473684210526316,0.33333333333333337,,
3642.0,0.0,0.014705882352941176,0.07352941176470588,0.4264705882352941,0.4264705882352941,0.5735294117647058,0.8235294117647058,0.9117647058823529,0.9411764705882353,0.9411764705882353,1.0,0.9821428571428571,0.9193548387096774,0.546875,0.546875,,
3645.0,5.387060281204547e-05,5.359631257369493e-05,0.00010613457864572278,0.0006164594677899928,0.00195,0.0018316004956095459,0.0032693750669953907,0.005359796221609,0.009092777149902394,0.0102,0.9705882352941176,0.9836065573770492,0.9801980198019802,0.9322033898305084,0.8088235294117647,,
3646.0,0.0,0.0,0.0,0.7777777777777778,0.7777777777777778,0.3333333333333333,0.6666666666666666,0.7777777777777778,1.0,1.0,1.0,1.0,1.0,0.30000000000000004,0.30000000000000004,1.0,
3647.0,0.35,0.35,0.65,0.7,0.7,0.65,0.7,0.75,0.75,0.75,0.46153846153846156,0.5,0.1333333333333333,0.06666666666666665,0.06666666666666665,,
3648.0,0.1111111111111111,0.2222222222222222,0.8888888888888888,0.8888888888888888,0.8888888888888888,0.2222222222222222,0.4444444444444444,1.0,1.0,1.0,0.5,0.5,0.11111111111111116,0.11111111111111116,0.11111111111111116,,
3651.0,0.0,0.009708737864077669,0.1553398058252427,0.2912621359223301,0.2912621359223301,0.02912621359223301,0.11650485436893204,0.2912621359223301,0.32038834951456313,0.32038834951456313,1.0,0.9166666666666666,0.4666666666666667,0.09090909090909094,0.09090909090909094,,
3655.0,0.0,0.0,0.0,0.0,0.2777777777777778,0.04861111111111111,0.09027777777777778,0.125,0.1597222222222222,0.2916666666666667,1.0,1.0,1.0,1.0,0.04761904761904767,,
3656.0,0.0,0.0,5.217300568685762e-05,0.0004,0.001600155166561606,0.0002130152305889871,0.00031821797931583137,0.0005739030625554338,0.00125,0.0017941133685690734,1.0,1.0,0.9090909090909091,0.6799999999999999,0.10810810810810811,,
3658.0,0.0,0.0,0.4,0.4,0.4,0.3,0.7,0.8,0.8,0.8,1.0,1.0,0.5,0.5,0.5,,
3659.0,0.0,0.0,0.008403361344537815,0.2857142857142857,0.3235294117647059,0.004201680672268907,0.12605042016806722,0.22268907563025211,0.3319327731092437,0.3445378151260504,1.0,1.0,0.9622641509433962,0.1392405063291139,0.060975609756097615,,
3660.0,0.0,0.0,0.009009009009009009,0.04504504504504504,0.15315315315315314,0.0,0.0,0.14414414414414414,0.16216216216216217,0.16216216216216217,,,0.9375,0.7222222222222222,0.05555555555555558,,
3661.0,0.0,0.003436426116838488,0.006872852233676976,0.03436426116838488,0.06872852233676977,0.037800687285223365,0.054982817869415807,0.061855670103092786,0.08247422680412371,0.08247422680412371,1.0,0.9375,0.8888888888888888,0.5833333333333333,0.16666666666666663,,
3669.0,0.025210084033613446,0.04201680672268908,0.08403361344537816,0.3235294117647059,0.3235294117647059,0.058823529411764705,0.12184873949579832,0.25210084033613445,0.35714285714285715,0.35714285714285715,0.5714285714285714,0.6551724137931034,0.6666666666666667,0.09411764705882353,0.09411764705882353,,
3670.0,0.0019590557351356645,0.0031205812082500364,0.0046898418991442245,0.00862895493767977,0.019077300845256648,0.03702615339406406,0.046418645472719296,0.06275685345452788,0.08293384467881112,0.09595315672663739,0.9470899470899471,0.9327731092436975,0.9252696456086287,0.8959537572254335,0.8011811023622047,,
3671.0,0.0,0.0,0.029166666666666667,0.05416666666666667,0.05416666666666667,0.05416666666666667,0.05416666666666667,0.05416666666666667,0.058333333333333334,0.058333333333333334,1.0,1.0,0.46153846153846156,0.0714285714285714,0.0714285714285714,,
3690.0,0.0,0.005813953488372093,0.18604651162790697,0.18604651162790697,0.18604651162790697,0.08139534883720931,0.14534883720930233,0.20930232558139536,0.20930232558139536,0.20930232558139536,1.0,0.96,0.11111111111111116,0.11111111111111116,0.11111111111111116,,
3706.0,0.0002388230798624379,0.0005239093160602019,0.0009958270106221548,0.0015318200807686953,0.018384533270074725,0.009935040122277417,0.017431891788912173,0.02944802731411229,0.04149839855173374,0.11501205867235995,0.9759615384615384,0.9699453551912568,0.966183574879227,0.9630872483221476,0.8401512547267103,,
3722.0,0.0,0.0,0.0,0.25,0.25,0.5,0.5,0.5,0.75,0.875,1.0,1.0,1.0,0.6666666666666667,0.7142857142857143,,
3729.0,0.0,4.978096375945838e-05,0.00014715981555969782,0.0009176084226794166,0.0009176084226794166,0.0003017956843217142,0.00044802867383512545,0.0006867458059452565,0.0014005602240896359,0.0014005602240896359,1.0,0.8888888888888888,0.7857142857142857,0.3448275862068966,0.3448275862068966,,
3731.0,0.0001480238811861647,0.00019604960054893887,0.0005341880341880342,0.00317338205596692,0.00317338205596692,0.0022203582177924707,0.0032348184090574914,0.005196192696192696,0.008318107510337533,0.008318107510337533,0.9333333333333333,0.9393939393939394,0.897196261682243,0.6184971098265897,0.6184971098265897,,
3742.0,0.0,0.0,0.03508771929824561,0.14035087719298245,0.5087719298245614,0.15789473684210525,0.22807017543859648,0.3508771929824561,0.47368421052631576,0.5263157894736842,1.0,1.0,0.9,0.7037037037037037,0.033333333333333326,,
3744.0,0.0196078431372549,0.13725490196078433,0.8823529411764706,0.8823529411764706,0.8823529411764706,0.09803921568627451,0.3333333333333333,0.9019607843137255,0.9019607843137255,0.9019607843137255,0.8,0.5882352941176471,0.021739130434782594,0.021739130434782594,0.021739130434782594,,
3746.0,0.0,0.0,0.0,0.7142857142857143,0.7142857142857143,0.7142857142857143,0.7142857142857143,0.7142857142857143,1.0,1.0,1.0,1.0,1.0,0.2857142857142857,0.2857142857142857,,
3747.0,0.0,0.0,0.14285714285714285,0.14285714285714285,0.8571428571428571,0.42857142857142855,0.5714285714285714,0.5714285714285714,0.5714285714285714,1.0,1.0,1.0,0.75,0.75,0.1428571428571429,,
3750.0,0.02586206896551724,0.1206896551724138,0.21551724137931033,0.21551724137931033,0.21551724137931033,0.14655172413793102,0.23275862068965517,0.2672413793103448,0.2672413793103448,0.2672413793103448,0.8235294117647058,0.4814814814814815,0.19354838709677424,0.19354838709677424,0.19354838709677424,,
3752.0,0.03206997084548105,0.08454810495626822,0.1457725947521866,0.1457725947521866,0.1457725947521866,0.14285714285714285,0.1457725947521866,0.1457725947521866,0.1457725947521866,0.1457725947521866,0.7755102040816326,0.42000000000000004,0.0,0.0,0.0,,
3756.0,0.0018508851027478526,0.0029364402765937295,0.00677950252478025,0.013804806457530728,0.039152896972802186,0.04162118551563761,0.06663824950269963,0.10169253787170376,0.15437534397358282,0.1831262542163016,0.9555302166476625,0.9559346126510305,0.9333333333333333,0.9105763517528224,0.7861972487759384,,
3757.0,0.0,0.0,0.012307692307692308,0.033846153846153845,0.18461538461538463,0.1076923076923077,0.16923076923076924,0.20923076923076922,0.2676923076923077,0.2953846153846154,1.0,1.0,0.9411764705882353,0.8735632183908046,0.375,,
3765.0,0.0,0.0,0.0,0.0,1.0,0.0,0.02631578947368421,0.02631578947368421,0.02631578947368421,1.0,,1.0,1.0,1.0,0.0,,
3772.0,0.0010370021211407023,0.002478025060781747,0.006380322714873549,0.011124677791344458,0.02779348792114406,0.02111713410322885,0.035767720216944084,0.05515742752785612,0.0761542983765206,0.09646925749373839,0.9508928571428571,0.930718954248366,0.8843252305113161,0.8539192399049882,0.7118927973199329,,
3774.0,0.0009260116677470136,0.0011972738994289924,0.0015034168564920273,0.001853486319505737,0.006462882096069869,0.0064357810908417445,0.010130779149014552,0.014168564920273349,0.018976169461606355,0.031231441048034936,0.8561151079136691,0.8818181818181818,0.8938906752411575,0.9023255813953488,0.7930648769574944,,
3778.0,0.0,0.0,0.003076923076923077,0.012307692307692308,0.10153846153846154,0.12307692307692308,0.16615384615384615,0.19076923076923077,0.2153846153846154,0.2523076923076923,1.0,1.0,0.9838709677419355,0.9428571428571428,0.5975609756097561,,
3781.0,0.0,0.0,0.09090909090909091,0.6363636363636364,0.6363636363636364,0.45454545454545453,0.45454545454545453,0.7272727272727273,0.7272727272727273,0.7272727272727273,1.0,1.0,0.875,0.125,0.125,,
3783.0,0.047619047619047616,0.047619047619047616,0.047619047619047616,0.047619047619047616,0.9047619047619048,0.09523809523809523,0.09523809523809523,0.09523809523809523,0.09523809523809523,1.0,0.5,0.5,0.5,0.5,0.13636363636363635,1.0,
3785.0,7.887057338906853e-05,0.00015640273704789834,0.0005988248063176017,0.0005988248063176017,0.0005988248063176017,0.00047322344033441123,0.0007820136852394917,0.0010105168606609528,0.0010105168606609528,0.0010105168606609528,0.8333333333333334,0.8,0.40740740740740744,0.40740740740740744,0.40740740740740744,,
3786.0,0.02702702702702703,0.02702702702702703,0.08108108108108109,0.35135135135135137,0.35135135135135137,0.1891891891891892,0.21621621621621623,0.32432432432432434,0.35135135135135137,0.35135135135135137,0.8571428571428572,0.875,0.75,0.0,0.0,,
3787.0,0.0,0.012345679012345678,0.18518518518518517,0.24691358024691357,0.24691358024691357,0.08641975308641975,0.14814814814814814,0.345679012345679,0.345679012345679,0.345679012345679,1.0,0.9166666666666666,0.4642857142857143,0.2857142857142857,0.2857142857142857,,
3788.0,0.0030040964952207554,0.005497972059486255,0.009891767210787793,0.016675676799600782,0.06046559538524928,0.03459262630860264,0.05547543938711131,0.08911462029808374,0.14384330685740426,0.2622922675456668,0.9131578947368421,0.90089358245329,0.8889995022399204,0.884070540618676,0.7694724440371776,,
3792.0,0.0,0.0,0.0,0.0,0.8518518518518519,0.037037037037037035,0.037037037037037035,0.037037037037037035,0.18518518518518517,0.9629629629629629,1.0,1.0,1.0,1.0,0.11538461538461542,,
3793.0,0.0,0.0,0.0,0.0006867502975917956,0.0015867259044337655,0.00023715789972964,0.00033101621979476995,0.0003737095342644929,0.003983151726032415,0.0059388883851663795,1.0,1.0,1.0,0.8275862068965517,0.732824427480916,,
3794.0,0.0,0.045454545454545456,0.36363636363636365,0.36363636363636365,0.36363636363636365,0.06818181818181818,0.36363636363636365,0.36363636363636365,0.36363636363636365,0.36363636363636365,1.0,0.875,0.0,0.0,0.0,,
3801.0,0.0,0.0,0.048034934497816595,0.16375545851528384,0.16375545851528384,0.010917030567685589,0.03275109170305677,0.15065502183406113,0.20305676855895197,0.20305676855895197,1.0,1.0,0.6811594202898551,0.19354838709677424,0.19354838709677424,,
3808.0,0.0,0.0,0.0,0.0,0.3333333333333333,0.0,0.0,0.0,0.0,0.3448275862068966,,,,,0.033333333333333326,,
3809.0,0.0,0.008403361344537815,0.03361344537815126,0.15126050420168066,0.17647058823529413,0.02100840336134454,0.1092436974789916,0.18067226890756302,0.19747899159663865,0.19747899159663865,1.0,0.9230769230769231,0.813953488372093,0.23404255319148937,0.1063829787234043,,
3811.0,0.001953125,0.021484375,0.1875,0.1875,0.1875,0.181640625,0.193359375,0.201171875,0.201171875,0.201171875,0.989247311827957,0.8888888888888888,0.06796116504854366,0.06796116504854366,0.06796116504854366,,
3814.0,0.00042188159189987344,0.0006055242442591644,0.0007427006452211855,0.0007427006452211855,0.0007427006452211855,0.0006562602540664698,0.0008849969723787787,0.0009283758065264819,0.0009283758065264819,0.0009283758065264819,0.3571428571428571,0.3157894736842105,0.19999999999999996,0.19999999999999996,0.19999999999999996,,
3816.0,0.0009067005168192946,0.0017031193976335603,0.00353045013239188,0.006747805928133797,0.024244541484716157,0.018723365672318432,0.03451057726783793,0.05357458075904678,0.08250538168570956,0.1297467248908297,0.9515738498789347,0.9506493506493506,0.9341021416803954,0.9182137481184145,0.8131394722670975,,
3819.0,0.0,0.0,0.042735042735042736,0.23931623931623933,0.23931623931623933,0.03418803418803419,0.05128205128205128,0.15384615384615385,0.2564102564102564,0.2564102564102564,1.0,1.0,0.7222222222222222,0.06666666666666665,0.06666666666666665,,
3823.0,0.0,0.0,0.04585152838427948,0.15938864628820962,0.15938864628820962,0.008733624454148471,0.024017467248908297,0.1091703056768559,0.1615720524017467,0.1615720524017467,1.0,1.0,0.5800000000000001,0.013513513513513487,0.013513513513513487,,
3825.0,0.0,0.4,0.8,0.8,0.8,0.6,1.0,1.0,1.0,1.0,1.0,0.6,0.19999999999999996,0.19999999999999996,0.19999999999999996,,
3826.0,0.0,0.22727272727272727,0.5,0.5,0.5,0.5454545454545454,0.5454545454545454,0.5454545454545454,0.5454545454545454,0.5454545454545454,1.0,0.5833333333333333,0.08333333333333337,0.08333333333333337,0.08333333333333337,,
3829.0,0.0,0.0,0.024615384615384615,0.1476923076923077,0.1476923076923077,0.036923076923076927,0.055384615384615386,0.15692307692307692,0.16,0.16,1.0,1.0,0.8431372549019608,0.07692307692307687,0.07692307692307687,,
3830.0,0.0,0.015625,0.15625,0.5625,0.578125,0.078125,0.296875,0.484375,0.625,0.640625,1.0,0.9473684210526316,0.6774193548387097,0.09999999999999998,0.09756097560975607,,
3833.0,0.0,0.0,0.0706713780918728,0.4416961130742049,0.4416961130742049,0.007067137809187279,0.014134275618374558,0.20848056537102475,0.49823321554770317,0.49823321554770317,1.0,1.0,0.6610169491525424,0.11347517730496459,0.11347517730496459,,
3834.0,0.0136986301369863,0.02054794520547945,0.410958904109589,0.726027397260274,0.726027397260274,0.2876712328767123,0.4315068493150685,0.7534246575342466,0.8767123287671232,0.8767123287671232,0.9523809523809523,0.9523809523809523,0.4545454545454546,0.171875,0.171875,,
3836.0,0.0,0.13636363636363635,0.2727272727272727,0.7727272727272727,0.7727272727272727,0.4090909090909091,0.7272727272727273,0.9545454545454546,0.9545454545454546,0.9545454545454546,1.0,0.8125,0.7142857142857143,0.19047619047619047,0.19047619047619047,,
3842.0,0.04,0.04,0.92,0.92,0.92,0.4,0.88,1.0,1.0,1.0,0.9,0.9545454545454546,0.07999999999999996,0.07999999999999996,0.07999999999999996,,
3844.0,0.0,0.0,0.017467248908296942,0.1572052401746725,0.1572052401746725,0.006550218340611353,0.03711790393013101,0.13755458515283842,0.1703056768558952,0.1703056768558952,1.0,1.0,0.873015873015873,0.07692307692307687,0.07692307692307687,,
3845.0,0.0,0.0,0.07142857142857142,0.35714285714285715,0.35714285714285715,0.14285714285714285,0.5,0.5,0.6428571428571429,0.6428571428571429,1.0,1.0,0.8571428571428572,0.4444444444444444,0.4444444444444444,,
3848.0,0.0025906735751295338,0.0025906735751295338,0.24352331606217617,0.4326424870466321,0.4326424870466321,0.0051813471502590676,0.02072538860103627,0.36528497409326427,0.44559585492227977,0.44559585492227977,0.5,0.875,0.33333333333333337,0.029069767441860517,0.029069767441860517,,
3849.0,0.0,0.0,0.0,0.7,0.7,0.1,0.8,0.8,0.8,0.8,1.0,1.0,1.0,0.125,0.125,,
3850.0,0.0,0.0,0.0,0.1,0.4,0.35,0.45,0.6,0.6,0.65,1.0,1.0,1.0,0.8333333333333334,0.3846153846153846,,
3851.0,0.003076923076923077,0.003076923076923077,0.036923076923076927,0.07384615384615385,0.07692307692307693,0.03076923076923077,0.04,0.08923076923076922,0.09846153846153846,0.09846153846153846,0.9,0.9230769230769231,0.5862068965517242,0.25,0.21875,,
3855.0,0.011494252873563218,0.011494252873563218,0.022988505747126436,0.022988505747126436,0.367816091954023,0.011494252873563218,0.034482758620689655,0.034482758620689655,0.11494252873563218,0.3793103448275862,0.0,0.6666666666666667,0.33333333333333337,0.8,0.030303030303030276,,
3856.0,0.08333333333333333,0.08333333333333333,0.8333333333333334,1.0,1.0,0.25,0.5,1.0,1.0,1.0,0.6666666666666667,0.8333333333333334,0.16666666666666663,0.0,0.0,,
3857.0,0.05,0.1,0.15,0.15,0.4,0.4,0.6,0.6,0.65,1.0,0.875,0.8333333333333334,0.75,0.7692307692307692,0.6,,
3858.0,0.0,0.0,0.01639344262295082,0.06557377049180328,0.5409836065573771,0.14754098360655737,0.18032786885245902,0.21311475409836064,0.4098360655737705,0.7213114754098361,1.0,1.0,0.9230769230769231,0.84,0.25,,
3859.0,4.241061961915263e-05,4.158522892668524e-05,4.078303425774878e-05,3.920031360250882e-05,3.5823034210997674e-05,4.241061961915263e-05,4.158522892668524e-05,4.078303425774878e-05,3.920031360250882e-05,3.5823034210997674e-05,0.0,0.0,0.0,0.0,0.0,,
3860.0,0.0004370056373727221,0.0005138746145940391,0.001295120320855615,0.001295120320855615,0.001295120320855615,0.0006555084560590831,0.0008136348064405618,0.0013786764705882354,0.0013786764705882354,0.0013786764705882354,0.33333333333333337,0.368421052631579,0.06060606060606055,0.06060606060606055,0.06060606060606055,,
3861.0,0.0,0.0,0.0,7.869678130164477e-05,0.0010845986984815619,0.0001280901754835404,0.0002088903743315508,0.0003692459177812423,0.0009837097662705595,0.0020642362325939403,1.0,1.0,1.0,0.92,0.47457627118644063,,
3866.0,0.0,0.002257336343115124,0.03837471783295711,0.08577878103837472,0.3724604966139955,0.0,0.060948081264108354,0.18961625282167044,0.23927765237020315,0.3837471783295711,,0.962962962962963,0.7976190476190477,0.6415094339622642,0.02941176470588236,,
3871.0,0.07692307692307693,0.15384615384615385,0.15384615384615385,0.15384615384615385,0.15384615384615385,0.21153846153846154,0.2692307692307692,0.3076923076923077,0.3076923076923077,0.3076923076923077,0.6363636363636364,0.4285714285714286,0.5,0.5,0.5,,
3872.0,0.006896551724137931,0.006896551724137931,0.07586206896551724,0.7586206896551724,0.7586206896551724,0.0896551724137931,0.2413793103448276,0.503448275862069,0.8413793103448276,0.8413793103448276,0.9230769230769231,0.9714285714285714,0.8493150684931507,0.09836065573770492,0.09836065573770492,,
3875.0,0.0,0.007575757575757576,0.15151515151515152,0.4772727272727273,0.4772727272727273,0.2878787878787879,0.3106060606060606,0.4696969696969697,0.48484848484848486,0.48484848484848486,1.0,0.975609756097561,0.6774193548387097,0.015625,0.015625,,
3876.0,0.0,0.0,0.0,0.21428571428571427,0.21428571428571427,0.0,0.07142857142857142,0.14285714285714285,0.21428571428571427,0.21428571428571427,,1.0,1.0,0.0,0.0,,
3877.0,0.15700934579439252,0.15700934579439252,0.15700934579439252,0.15700934579439252,0.15700934579439252,0.17570093457943925,0.17570093457943925,0.17570093457943925,0.17570093457943925,0.17570093457943925,0.1063829787234043,0.1063829787234043,0.1063829787234043,0.1063829787234043,0.1063829787234043,,
3878.0,0.15140186915887852,0.15140186915887852,0.15140186915887852,0.15140186915887852,0.15140186915887852,0.16261682242990655,0.16261682242990655,0.16261682242990655,0.16261682242990655,0.16261682242990655,0.06896551724137934,0.06896551724137934,0.06896551724137934,0.06896551724137934,0.06896551724137934,,
3879.0,8.279516476237788e-05,0.0006974645113645688,0.0008079502302658156,0.0008079502302658156,0.0008079502302658156,0.0007865540652425898,0.0010256831049478953,0.001090732810858851,0.001090732810858851,0.001090732810858851,0.8947368421052632,0.31999999999999995,0.2592592592592593,0.2592592592592593,0.2592592592592593,,
3880.0,0.0,0.0026595744680851063,0.013297872340425532,0.4627659574468085,0.4627659574468085,0.02127659574468085,0.02925531914893617,0.1276595744680851,0.46808510638297873,0.46808510638297873,1.0,0.9090909090909091,0.8958333333333334,0.011363636363636354,0.011363636363636354,,
3881.0,0.0,0.017857142857142856,0.08928571428571429,0.08928571428571429,0.9464285714285714,0.26785714285714285,0.39285714285714285,0.5357142857142857,0.7678571428571429,1.0,1.0,0.9545454545454546,0.8333333333333334,0.8837209302325582,0.0535714285714286,,
3883.0,0.0,0.0,0.6785714285714286,0.6785714285714286,0.6785714285714286,0.35714285714285715,0.5357142857142857,0.9285714285714286,0.9285714285714286,0.9285714285714286,1.0,1.0,0.2692307692307693,0.2692307692307693,0.2692307692307693,,
3884.0,0.0,0.0,0.5384615384615384,0.8461538461538461,0.8461538461538461,0.3076923076923077,0.38461538461538464,0.9230769230769231,0.9230769230769231,0.9230769230769231,1.0,1.0,0.41666666666666663,0.08333333333333337,0.08333333333333337,,
3889.0,0.0,0.006153846153846154,0.021538461538461538,0.1076923076923077,0.1076923076923077,0.021538461538461538,0.03076923076923077,0.06769230769230769,0.12307692307692308,0.12307692307692308,1.0,0.8,0.6818181818181819,0.125,0.125,,
3890.0,4.0081766804280735e-05,0.0013086928934010152,0.0013047088127149805,0.0013047088127149805,0.0013047088127149805,0.0008016353360856146,0.0021811548223350254,0.0022140513185466334,0.0022140513185466334,0.0022140513185466334,0.95,0.4,0.4107142857142857,0.4107142857142857,0.4107142857142857,,
3891.0,4.0081766804280735e-05,0.0002776015228426396,0.00027675641481832917,0.00027675641481832917,0.00027675641481832917,0.0003206541344342459,0.000753489847715736,0.0007511959830783221,0.0007511959830783221,0.0007511959830783221,0.875,0.631578947368421,0.631578947368421,0.631578947368421,0.631578947368421,,
3892.0,0.0,0.003436426116838488,0.041237113402061855,0.12027491408934708,0.12027491408934708,0.044673539518900345,0.054982817869415807,0.11683848797250859,0.12027491408934708,0.12027491408934708,1.0,0.9375,0.6470588235294117,0.0,0.0,,
3893.0,0.002976190476190476,0.002976190476190476,0.005952380952380952,0.03273809523809524,0.10119047619047619,0.026785714285714284,0.05357142857142857,0.08333333333333333,0.10416666666666667,0.10714285714285714,0.8888888888888888,0.9444444444444444,0.9285714285714286,0.6857142857142857,0.05555555555555558,,
3895.0,0.0,0.0,0.0,0.2962962962962963,0.37037037037037035,0.037037037037037035,0.037037037037037035,0.037037037037037035,0.48148148148148145,0.48148148148148145,1.0,1.0,1.0,0.3846153846153846,0.23076923076923073,,
3896.0,0.1,0.1,0.2,0.5,0.6,0.1,1.0,1.0,1.0,1.0,0.0,0.9,0.8,0.5,0.4,,
